title,genre,studio,number_of_episodes,release_date,content_type,viewer_reviews,source
Attack on Titan,"Action, Drama, Fantasy, Mystery",WIT STUDIO,25,2013,TV,84,AniList
Demon Slayer: Kimetsu no Yaiba,"Action, Adventure, Drama, Fantasy, Supernatural",ufotable,26,2019,TV,82,AniList
Death Note,"Mystery, Psychological, Supernatural, Thriller",MADHOUSE,37,2006,TV,84,AniList
JUJUTSU KAISEN,"Action, Drama, Supernatural",Toho,24,2020,TV,85,AniList
My Hero Academia,"Action, Adventure, Comedy",bones,13,2016,TV,76,AniList
Hunter x Hunter (2011),"Action, Adventure, Fantasy",MADHOUSE,148,2011,TV,89,AniList
One-Punch Man,"Action, Comedy, Sci-Fi, Supernatural",MADHOUSE,12,2015,TV,83,AniList
Tokyo Ghoul,"Action, Drama, Horror, Mystery, Psychological, Supernatural",Studio Pierrot,12,2014,TV,75,AniList
Attack on Titan Season 2,"Action, Drama, Fantasy, Mystery",WIT STUDIO,12,2017,TV,84,AniList
Sword Art Online,"Action, Adventure, Fantasy, Romance",Aniplex,25,2012,TV,69,AniList
Fullmetal Alchemist: Brotherhood,"Action, Adventure, Drama, Fantasy",bones,64,2009,TV,90,AniList
ONE PIECE,"Action, Adventure, Comedy, Drama, Fantasy",Toei Animation,,1999,TV,88,AniList
Naruto,"Action, Adventure, Comedy, Drama, Fantasy, Supernatural",Studio Pierrot,220,2002,TV,79,AniList
Your Name.,"Drama, Romance, Supernatural",CoMix Wave,1,2016,MOVIE,85,AniList
A Silent Voice,"Drama, Romance, Slice of Life",Kyoto Animation,1,2016,MOVIE,88,AniList
Attack on Titan Season 3,"Action, Drama, Fantasy, Mystery",WIT STUDIO,12,2018,TV,85,AniList
My Hero Academia Season 2,"Action, Adventure, Comedy",bones,25,2017,TV,79,AniList
The Promised Neverland,"Drama, Fantasy, Horror, Mystery, Psychological, Thriller",CloverWorks,12,2019,TV,83,AniList
Attack on Titan Final Season,"Action, Drama, Fantasy, Mystery",MAPPA,16,2020,TV,86,AniList
Assassination Classroom,"Action, Comedy, Drama, Supernatural",Lerche,22,2015,TV,79,AniList
Mob Psycho 100,"Action, Comedy, Drama, Psychological, Slice of Life, Supernatural",bones,12,2016,TV,84,AniList
My Hero Academia Season 3,"Action, Adventure, Comedy, Drama",bones,25,2018,TV,79,AniList
Your lie in April,"Drama, Music, Romance, Slice of Life",A-1 Pictures,22,2014,TV,84,AniList
ERASED,"Drama, Mystery, Psychological, Supernatural, Thriller",A-1 Pictures,12,2016,TV,81,AniList
Naruto: Shippuden,"Action, Adventure, Comedy, Drama, Fantasy, Supernatural",Studio Pierrot,500,2007,TV,81,AniList
Attack on Titan Season 3 Part 2,"Action, Drama, Fantasy, Mystery",WIT STUDIO,10,2019,TV,89,AniList
Re:ZERO -Starting Life in Another World-,"Action, Adventure, Drama, Fantasy, Psychological, Romance, Thriller",WHITE FOX,25,2016,TV,81,AniList
Steins;Gate,"Drama, Psychological, Sci-Fi, Thriller",Frontier Works,24,2011,TV,89,AniList
HAIKYU!!,"Comedy, Drama, Sports",Production I.G,25,2014,TV,83,AniList
Rascal Does Not Dream of Bunny Girl Senpai,"Comedy, Drama, Mystery, Psychological, Romance, Supernatural",CloverWorks,13,2018,TV,80,AniList
Black Clover,"Action, Adventure, Comedy, Fantasy",Studio Pierrot,170,2017,TV,78,AniList
Noragami,"Action, Adventure, Comedy, Supernatural",bones,12,2014,TV,77,AniList
"No Game, No Life","Adventure, Comedy, Ecchi, Fantasy",MADHOUSE,12,2014,TV,77,AniList
Chainsaw Man,"Action, Drama, Horror, Supernatural",MAPPA,12,2022,TV,84,AniList
Kaguya-sama: Love is War,"Comedy, Psychological, Romance, Slice of Life",A-1 Pictures,12,2019,TV,83,AniList
Toradora!,"Comedy, Drama, Romance, Slice of Life",Genco,25,2008,TV,78,AniList
Dr. STONE,"Action, Adventure, Comedy, Sci-Fi",TMS Entertainment,24,2019,TV,81,AniList
Violet Evergarden,"Drama, Fantasy, Slice of Life",Kyoto Animation,13,2018,TV,85,AniList
Akame ga Kill!,"Action, Adventure, Drama, Fantasy, Horror, Psychological, Thriller",WHITE FOX,24,2014,TV,72,AniList
My Hero Academia Season 4,"Action, Adventure, Comedy, Drama, Sci-Fi",bones,25,2019,TV,78,AniList
The Seven Deadly Sins,"Action, Adventure, Comedy, Ecchi, Fantasy, Supernatural",A-1 Pictures,24,2014,TV,73,AniList
SPY x FAMILY,"Action, Comedy, Slice of Life, Supernatural",CloverWorks,12,2022,TV,84,AniList
KONOSUBA -God's blessing on this wonderful world!,"Adventure, Comedy, Ecchi, Fantasy",Studio DEEN,10,2016,TV,79,AniList
Vinland Saga,"Action, Adventure, Drama",WIT STUDIO,24,2019,TV,87,AniList
Parasyte -the maxim-,"Action, Drama, Horror, Psychological, Sci-Fi",MADHOUSE,24,2014,TV,81,AniList
Horimiya,"Comedy, Romance, Slice of Life",CloverWorks,13,2021,TV,81,AniList
Demon Slayer -Kimetsu no Yaiba- The Movie: Mugen Train,"Action, Adventure, Drama, Fantasy, Mystery, Supernatural",ufotable,1,2020,MOVIE,84,AniList
DARLING in the FRANXX,"Action, Drama, Mecha, Psychological, Romance, Sci-Fi",TRIGGER,24,2018,TV,68,AniList
Code Geass: Lelouch of the Rebellion,"Action, Drama, Mecha, Sci-Fi, Thriller",Sunrise,25,2006,TV,85,AniList
Bleach,"Action, Adventure, Supernatural",Studio Pierrot,366,2004,TV,78,AniList
Death Parade,"Drama, Mystery, Psychological, Supernatural, Thriller",MADHOUSE,12,2015,TV,80,AniList
Blue Exorcist,"Action, Fantasy, Supernatural",Aniplex,25,2011,TV,72,AniList
Neon Genesis Evangelion,"Action, Drama, Mecha, Mystery, Psychological, Sci-Fi",Gainax,26,1995,TV,83,AniList
Spirited Away,"Adventure, Drama, Fantasy, Supernatural",Studio Ghibli,1,2001,MOVIE,86,AniList
JoJo's Bizarre Adventure (TV),"Action, Adventure, Supernatural",David Production,26,2012,TV,77,AniList
Cowboy Bebop,"Action, Adventure, Drama, Sci-Fi",Sunrise,26,1998,TV,86,AniList
One-Punch Man Season 2,"Action, Comedy, Sci-Fi, Supernatural",J.C.STAFF,12,2019,TV,74,AniList
Fire Force,"Action, Drama, Sci-Fi, Supernatural",David Production,24,2019,TV,76,AniList
Kakegurui,"Drama, Mystery, Psychological",MAPPA,12,2017,TV,70,AniList
Sword Art Online II,"Action, Adventure, Fantasy, Sci-Fi",Aniplex,24,2014,TV,65,AniList
Angel Beats!,"Action, Comedy, Drama, Supernatural",Aniplex,13,2010,TV,77,AniList
The Rising of the Shield Hero,"Action, Adventure, Fantasy",Kinema Citrus,25,2019,TV,77,AniList
Mob Psycho 100 II,"Action, Comedy, Drama, Psychological, Slice of Life, Supernatural",bones,13,2019,TV,88,AniList
Demon Slayer: Kimetsu no Yaiba Entertainment District Arc,"Action, Adventure, Fantasy, Supernatural",ufotable,11,2021,TV,86,AniList
Tokyo Revengers,"Action, Drama, Romance, Supernatural",LIDENFILMS,24,2021,TV,77,AniList
The Future Diary,"Action, Horror, Mystery, Psychological, Supernatural, Thriller",Funimation,26,2011,TV,68,AniList
Kaguya-sama: Love is War?,"Comedy, Psychological, Romance, Slice of Life",A-1 Pictures,12,2020,TV,86,AniList
That Time I Got Reincarnated as a Slime,"Action, Adventure, Comedy, Fantasy",8-bit,24,2018,TV,80,AniList
Charlotte,"Comedy, Drama, Romance, Sci-Fi, Supernatural",P.A.WORKS,13,2015,TV,75,AniList
Kill la Kill,"Action, Comedy, Ecchi",Aniplex,24,2013,TV,79,AniList
Bungo Stray Dogs,"Action, Comedy, Mystery, Supernatural",bones,12,2016,TV,77,AniList
Classroom of the Elite,"Drama, Psychological",Lerche,12,2017,TV,76,AniList
Mushoku Tensei: Jobless Reincarnation,"Adventure, Drama, Ecchi, Fantasy",Studio Bind,11,2021,TV,82,AniList
Food Wars!,"Comedy, Ecchi",J.C.STAFF,24,2015,TV,79,AniList
JUJUTSU KAISEN Season 2,"Action, Drama, Supernatural",MAPPA,23,2023,TV,87,AniList
Anohana: The Flower We Saw That Day,"Drama, Romance, Slice of Life, Supernatural",Aniplex,11,2011,TV,80,AniList
Tokyo Ghoul √A,"Action, Drama, Horror, Mystery, Psychological, Supernatural",Studio Pierrot,12,2015,TV,66,AniList
Attack on Titan Final Season Part 2,"Action, Drama, Fantasy, Mystery, Psychological",MAPPA,12,2022,TV,86,AniList
HAIKYU!! 2nd Season,"Comedy, Drama, Sports",Production I.G,25,2015,TV,86,AniList
The Devil is a Part-Timer!,"Comedy, Fantasy, Romance, Slice of Life",Funimation,13,2013,TV,75,AniList
My Hero Academia Season 5,"Action, Adventure, Comedy, Sci-Fi",bones,25,2021,TV,73,AniList
Made in Abyss,"Adventure, Drama, Fantasy, Horror, Mystery, Sci-Fi",Kinema Citrus,13,2017,TV,85,AniList
Is It Wrong to Try to Pick Up Girls in a Dungeon?,"Action, Adventure, Comedy, Fantasy, Romance",J.C.STAFF,13,2015,TV,73,AniList
Overlord,"Action, Adventure, Fantasy",MADHOUSE,13,2015,TV,77,AniList
Another,"Horror, Mystery, Psychological, Supernatural, Thriller",Lantis,12,2012,TV,70,AniList
JUJUTSU KAISEN 0,"Action, Supernatural",MAPPA,1,2021,MOVIE,84,AniList
Fairy Tail,"Action, Adventure, Comedy, Fantasy",TV Tokyo,175,2009,TV,71,AniList
KONOSUBA -God's blessing on this wonderful world! 2,"Adventure, Comedy, Ecchi, Fantasy",Studio DEEN,10,2017,TV,81,AniList
Soul Eater,"Action, Adventure, Comedy, Fantasy, Supernatural",bones,51,2008,TV,77,AniList
My Teen Romantic Comedy SNAFU,"Comedy, Drama, Romance, Slice of Life",Brain's Base,13,2013,TV,78,AniList
HAIKYU!! 3rd Season,"Comedy, Drama, Sports",Production I.G,10,2016,TV,87,AniList
Assassination Classroom 2,"Action, Comedy, Drama, Supernatural",Lerche,25,2016,TV,83,AniList
Dororo,"Action, Adventure, Drama, Supernatural",MAPPA,24,2019,TV,81,AniList
Gurren Lagann,"Action, Comedy, Drama, Mecha, Romance, Sci-Fi",Gainax,27,2007,TV,85,AniList
My Dress-Up Darling,"Comedy, Ecchi, Romance, Slice of Life",CloverWorks,12,2022,TV,80,AniList
Solo Leveling,"Action, Adventure, Fantasy",A-1 Pictures,12,2024,TV,82,AniList
PSYCHO-PASS,"Action, Psychological, Sci-Fi, Thriller",Production I.G,22,2012,TV,81,AniList
Re:ZERO -Starting Life in Another World- Season 2,"Action, Adventure, Drama, Fantasy, Psychological, Thriller",WHITE FOX,13,2020,TV,83,AniList
Code Geass: Lelouch of the Rebellion R2,"Action, Drama, Mecha, Sci-Fi, Thriller",Sunrise,25,2008,TV,87,AniList
Frieren: Beyond Journey’s End,"Adventure, Drama, Fantasy",Toho,28,2023,TV,91,AniList
Hyouka,"Mystery, Romance, Slice of Life",Kyoto Animation,22,2012,TV,79,AniList
Fate/Zero,"Action, Drama, Fantasy, Supernatural",Aniplex,13,2011,TV,81,AniList
Howl‘s Moving Castle,"Adventure, Drama, Fantasy, Romance",Studio Ghibli,1,2004,MOVIE,85,AniList
I Want to Eat Your Pancreas,"Drama, Romance, Slice of Life",Studio VOLN,1,2018,MOVIE,84,AniList
"Love, Chunibyo & Other Delusions","Comedy, Drama, Romance, Slice of Life",Kyoto Animation,12,2012,TV,75,AniList
Devilman Crybaby,"Action, Drama, Horror, Psychological, Supernatural",Science SARU,10,2018,ONA,76,AniList
Weathering With You,"Drama, Romance, Slice of Life, Supernatural",CoMix Wave,1,2019,MOVIE,81,AniList
Bakemonogatari,"Comedy, Drama, Mystery, Psychological, Romance, Supernatural",Aniplex,15,2009,TV,82,AniList
The Disastrous Life of Saiki K.,"Comedy, Slice of Life, Supernatural",J.C.STAFF,120,2016,TV_SHORT,83,AniList
Miss Kobayashi's Dragon Maid,"Comedy, Fantasy, Slice of Life",Kyoto Animation,13,2017,TV,78,AniList
JoJo's Bizarre Adventure: Stardust Crusaders,"Action, Adventure, Supernatural",David Production,24,2014,TV,79,AniList
Tower of God,"Action, Adventure, Drama, Fantasy, Mystery",Telecom Animation Film,13,2020,TV,74,AniList
The Promised Neverland Season 2,"Action, Adventure, Drama, Fantasy, Horror, Psychological, Thriller",CloverWorks,11,2021,TV,51,AniList
Demon Slayer: Kimetsu no Yaiba Mugen Train Arc,"Action, Adventure, Drama, Fantasy, Mystery, Supernatural",ufotable,7,2021,TV,82,AniList
Dr. STONE: STONE WARS,"Action, Adventure, Comedy, Sci-Fi",TMS Entertainment,11,2021,TV,81,AniList
Demon Slayer: Kimetsu no Yaiba Swordsmith Village Arc,"Action, Adventure, Drama, Fantasy, Supernatural",ufotable,11,2023,TV,81,AniList
Wotakoi: Love is Hard for Otaku,"Comedy, Romance, Slice of Life",A-1 Pictures,11,2018,TV,78,AniList
Seraph of the End: Vampire Reign,"Action, Drama, Fantasy, Mystery, Supernatural",WIT STUDIO,12,2015,TV,73,AniList
Noragami Aragoto,"Action, Adventure, Comedy, Supernatural",bones,13,2015,TV,80,AniList
Puella Magi Madoka Magica,"Action, Drama, Fantasy, Mahou Shoujo, Psychological, Thriller",Aniplex,12,2011,TV,83,AniList
Monster,"Drama, Horror, Mystery, Psychological, Thriller",MADHOUSE,74,2004,TV,88,AniList
BANANA FISH,"Action, Drama, Psychological, Thriller",MAPPA,24,2018,TV,83,AniList
Cyberpunk: Edgerunners,"Action, Drama, Psychological, Sci-Fi",TRIGGER,10,2022,ONA,85,AniList
SPY x FAMILY Cour 2,"Action, Comedy, Slice of Life, Supernatural",WIT STUDIO,13,2022,TV,82,AniList
Rent-a-Girlfriend,"Comedy, Drama, Romance",TMS Entertainment,12,2020,TV,66,AniList
Komi Can’t Communicate,"Comedy, Romance, Slice of Life",OLM,12,2021,TV,77,AniList
JoJo's Bizarre Adventure: Diamond is Unbreakable,"Action, Adventure, Drama, Mystery, Supernatural",David Production,39,2016,TV,84,AniList
High School DxD,"Action, Comedy, Ecchi, Fantasy, Romance",TNK,12,2012,TV,69,AniList
Tokyo Ghoul:re,"Action, Horror, Mystery, Psychological, Supernatural",Studio Pierrot,12,2018,TV,61,AniList
Fruits Basket (2019),"Comedy, Drama, Romance, Slice of Life, Supernatural",TMS Entertainment,25,2019,TV,82,AniList
To Your Eternity,"Adventure, Drama, Fantasy, Psychological, Supernatural",Brain's Base,20,2021,TV,81,AniList
That Time I Got Reincarnated as a Slime Season 2,"Action, Adventure, Comedy, Fantasy",8-bit,12,2021,TV,83,AniList
The God of High School,"Action, Comedy, Supernatural",MAPPA,13,2020,TV,69,AniList
The Quintessential Quintuplets,"Comedy, Drama, Romance, Slice of Life",Tezuka Productions,12,2019,TV,75,AniList
GOBLIN SLAYER,"Action, Adventure, Fantasy",WHITE FOX,12,2018,TV,71,AniList
Durarara!!,"Action, Mystery, Supernatural",Aniplex,24,2010,TV,79,AniList
HAIKYU!! TO THE TOP,"Comedy, Drama, Sports",Production I.G,13,2020,TV,83,AniList
Clannad,"Comedy, Drama, Romance, Slice of Life, Supernatural",Sentai Filmworks,23,2007,TV,77,AniList
Hell’s Paradise,"Action, Adventure, Mystery, Supernatural",MAPPA,13,2023,TV,80,AniList
Mushoku Tensei: Jobless Reincarnation Cour 2,"Adventure, Drama, Ecchi, Fantasy",Studio Bind,12,2021,TV,85,AniList
Oshi No Ko,"Drama, Mystery, Psychological, Supernatural",Doga Kobo,11,2023,TV,84,AniList
Princess Mononoke,"Action, Adventure, Drama, Fantasy",Studio Ghibli,1,1997,MOVIE,85,AniList
Gintama,"Action, Comedy, Drama, Sci-Fi",Sunrise,201,2006,TV,85,AniList
JoJo's Bizarre Adventure: Golden Wind,"Action, Adventure, Drama, Mystery, Supernatural",David Production,39,2018,TV,84,AniList
The Seven Deadly Sins: Revival of the Commandments,"Action, Adventure, Comedy, Ecchi, Fantasy, Supernatural",A-1 Pictures,24,2018,TV,73,AniList
WONDER EGG PRIORITY,"Action, Drama, Fantasy, Mystery, Psychological, Sci-Fi, Thriller",CloverWorks,12,2021,TV,74,AniList
BLUE LOCK,"Action, Drama, Sports",8-bit,24,2022,TV,80,AniList
Fire Force Season 2,"Action, Drama, Sci-Fi, Supernatural",David Production,24,2020,TV,78,AniList
Beyond the Boundary,"Action, Drama, Fantasy, Slice of Life, Supernatural",Kyoto Animation,12,2013,TV,74,AniList
Sword Art Online: Alicization,"Action, Adventure, Fantasy",A-1 Pictures,24,2018,TV,75,AniList
Maid-Sama!,"Comedy, Drama, Romance",J.C.STAFF,26,2010,TV,77,AniList
DAN DA DAN,"Action, Comedy, Drama, Romance, Sci-Fi, Supernatural",Science SARU,12,2024,TV,84,AniList
86 EIGHTY-SIX,"Action, Drama, Mecha, Sci-Fi",A-1 Pictures,11,2021,TV,82,AniList
Terror in Resonance,"Drama, Mystery, Psychological, Thriller",MAPPA,11,2014,TV,78,AniList
JoJo's Bizarre Adventure: Stardust Crusaders - Battle in Egypt,"Action, Adventure, Drama, Supernatural",David Production,24,2015,TV,82,AniList
High School of the Dead,"Action, Drama, Ecchi, Horror, Romance, Supernatural",MADHOUSE,12,2010,TV,66,AniList
Re:ZERO -Starting Life in Another World- Season 2 Part 2,"Action, Adventure, Drama, Fantasy, Psychological, Romance, Thriller",WHITE FOX,12,2021,TV,84,AniList
The Pet Girl of Sakurasou,"Comedy, Drama, Romance, Slice of Life",J.C.STAFF,24,2012,TV,78,AniList
Kuroko's Basketball,"Comedy, Sports",Production I.G,25,2012,TV,78,AniList
Kaguya-sama: Love is War -Ultra Romantic-,"Comedy, Psychological, Romance, Slice of Life",Aniplex,13,2022,TV,89,AniList
K-ON!,"Comedy, Music, Slice of Life",Kyoto Animation,13,2009,TV,78,AniList
My Neighbor Totoro,"Adventure, Fantasy, Slice of Life, Supernatural",Studio Ghibli,1,1988,MOVIE,80,AniList
Samurai Champloo,"Action, Adventure, Comedy",Manglobe,26,2004,TV,84,AniList
My Teen Romantic Comedy SNAFU TOO!,"Comedy, Drama, Romance, Slice of Life",feel.,13,2015,TV,81,AniList
Elfen Lied,"Action, Drama, Ecchi, Horror, Psychological, Romance, Supernatural",VAP,13,2004,TV,68,AniList
Nisekoi,"Comedy, Romance, Slice of Life",Aniplex,20,2014,TV,73,AniList
Food Wars! The Second Plate,"Comedy, Ecchi",J.C.STAFF,13,2016,TV,79,AniList
"DON'T TOY WITH ME, MISS NAGATORO","Comedy, Romance, Slice of Life",Telecom Animation Film,12,2021,TV,70,AniList
Fate/stay night: Unlimited Blade Works,"Action, Fantasy, Supernatural",ufotable,13,2014,TV,80,AniList
The Eminence in Shadow,"Action, Comedy, Fantasy",Nexus,20,2022,TV,81,AniList
Fullmetal Alchemist,"Action, Adventure, Drama, Fantasy",bones,51,2003,TV,79,AniList
Overlord II,"Action, Adventure, Fantasy",MADHOUSE,13,2018,TV,75,AniList
BEASTARS,"Drama, Mystery, Psychological, Romance, Slice of Life",Orange,12,2019,TV,77,AniList
Black Butler,"Action, Comedy, Fantasy, Mystery, Supernatural",Aniplex,24,2008,TV,72,AniList
My Little Monster,"Comedy, Romance, Slice of Life",TV Tokyo,13,2012,TV,72,AniList
Golden Time,"Drama, Romance",J.C.STAFF,24,2013,TV,75,AniList
The Irregular at Magic High School,"Action, Romance, Sci-Fi, Supernatural",MADHOUSE,26,2014,TV,70,AniList
The Misfit of Demon King Academy: History’s Strongest Demon King Reincarnates and Goes to School with His Descendants,"Action, Comedy, Fantasy",SILVER LINK.,13,2020,TV,72,AniList
Plastic Memories,"Drama, Romance, Sci-Fi, Slice of Life",Doga Kobo,13,2015,TV,77,AniList
Saga of Tanya the Evil,"Action, Fantasy",NUT,12,2017,TV,77,AniList
HAIKYU‼ TO THE TOP Part 2,"Comedy, Drama, Sports",Production I.G,12,2020,TV,85,AniList
Ouran High School Host Club,"Comedy, Drama, Romance, Slice of Life",bones,26,2006,TV,80,AniList
Dragon Ball Z,"Action, Adventure, Comedy, Fantasy, Supernatural",Toei Animation,291,1989,TV,80,AniList
ReLIFE,"Comedy, Drama, Romance, Slice of Life",TMS Entertainment,13,2016,ONA,78,AniList
Deadman Wonderland,"Action, Horror, Sci-Fi",Manglobe,12,2011,TV,67,AniList
The Garden of Words,"Drama, Psychological, Romance, Slice of Life",CoMix Wave,1,2013,MOVIE,75,AniList
That Time I Got Reincarnated as a Slime Season 2 Part 2,"Action, Adventure, Comedy, Fantasy",8-bit,12,2021,TV,82,AniList
5 Centimeters per Second,"Drama, Romance, Slice of Life",CoMix Wave,3,2007,MOVIE,72,AniList
Fate/Zero Season 2,"Action, Drama, Fantasy, Supernatural",Aniplex,12,2012,TV,84,AniList
Rascal Does Not Dream of a Dreaming Girl,"Drama, Psychological, Romance, Supernatural",CloverWorks,1,2019,MOVIE,84,AniList
MASHLE: MAGIC AND MUSCLES,"Action, Comedy, Fantasy",Aniplex,12,2023,TV,76,AniList
Kakegurui xx,"Drama, Mystery, Psychological",MAPPA,12,2019,TV,70,AniList
Guilty Crown,"Action, Drama, Mecha, Psychological, Romance, Sci-Fi",Production I.G,22,2011,TV,69,AniList
The Ancient Magus' Bride,"Drama, Fantasy, Romance, Slice of Life, Supernatural",WIT STUDIO,24,2017,TV,78,AniList
Bungo Stray Dogs 2,"Action, Comedy, Mystery, Supernatural",bones,12,2016,TV,81,AniList
Date A Live,"Action, Comedy, Ecchi, Fantasy, Mecha, Romance, Sci-Fi",Funimation,12,2013,TV,68,AniList
Neon Genesis Evangelion: The End of Evangelion,"Action, Drama, Mecha, Psychological, Sci-Fi",Gainax,1,1997,MOVIE,85,AniList
Blue Spring Ride,"Drama, Romance, Slice of Life",Production I.G,12,2014,TV,75,AniList
Is It Wrong to Try to Pick Up Girls in a Dungeon? II,"Action, Adventure, Comedy, Fantasy, Romance",J.C.STAFF,12,2019,TV,71,AniList
Mob Psycho 100 III,"Action, Comedy, Drama, Psychological, Slice of Life, Supernatural",bones,12,2022,TV,87,AniList
Prison School,"Comedy, Ecchi",J.C.STAFF,12,2015,TV,73,AniList
Overlord III,"Action, Adventure, Fantasy",MADHOUSE,13,2018,TV,77,AniList
Black Lagoon,"Action, Adventure, Drama, Thriller",MADHOUSE,12,2006,TV,78,AniList
Nichijou - My Ordinary Life,"Comedy, Slice of Life",Kyoto Animation,26,2011,TV,83,AniList
Log Horizon,"Action, Adventure, Fantasy",Satelight,25,2013,TV,76,AniList
SK8 the Infinity,"Action, Drama, Sports",bones,12,2021,TV,79,AniList
Toilet-bound Hanako-kun,"Action, Comedy, Drama, Mystery, Supernatural",Lerche,12,2020,TV,77,AniList
My Hero Academia Season 6,"Action, Adventure",bones,25,2022,TV,82,AniList
KONOSUBA -God's blessing on this wonderful world!- Legend of Crimson,"Action, Adventure, Comedy, Ecchi, Fantasy, Supernatural",J.C.STAFF,1,2019,MOVIE,83,AniList
Serial Experiments Lain,"Drama, Mystery, Psychological, Sci-Fi, Supernatural",TV Tokyo,13,1998,TV,80,AniList
Yuri!!! on ICE,"Comedy, Drama, Sports",MAPPA,12,2016,TV,77,AniList
TONIKAWA: Over The Moon For You,"Comedy, Romance, Slice of Life",Seven Arcs,12,2020,TV,77,AniList
Danganronpa: The Animation,"Horror, Mystery, Psychological, Sci-Fi, Thriller",NBCUniversal Entertainment Japan,13,2013,TV,68,AniList
Chivalry of a Failed Knight,"Action, Ecchi, Fantasy, Romance",SILVER LINK.,12,2015,TV,72,AniList
Vinland Saga Season 2,"Action, Adventure, Drama",Twin Engine,24,2023,TV,88,AniList
Orange,"Drama, Romance, Supernatural",TMS Entertainment,13,2016,TV,74,AniList
Kimi ni Todoke: From Me to You,"Comedy, Drama, Romance, Slice of Life",Production I.G,25,2009,TV,79,AniList
The Rising of the Shield Hero Season 2,"Action, Adventure, Fantasy",Kinema Citrus,13,2022,TV,64,AniList
Masamune-kun's Revenge,"Comedy, Romance, Slice of Life",SILVER LINK.,12,2017,TV,65,AniList
Food Wars! The Third Plate,"Comedy, Ecchi",J.C.STAFF,12,2017,TV,78,AniList
Call of the Night,"Comedy, Psychological, Romance, Slice of Life, Supernatural",LIDENFILMS,13,2022,TV,79,AniList
Tokyo Ghoul:re 2,"Action, Horror, Mystery, Psychological, Supernatural",Studio Pierrot,12,2018,TV,61,AniList
"No Game, No Life Zero","Action, Adventure, Drama, Fantasy, Romance",MADHOUSE,1,2017,MOVIE,80,AniList
Magi: The Labyrinth of Magic,"Action, Adventure, Fantasy",Aniplex,25,2012,TV,78,AniList
Classroom of the Elite Season 2,"Drama, Mystery, Psychological",KADOKAWA,13,2022,TV,79,AniList
Monthly Girls' Nozaki-kun,"Comedy, Romance, Slice of Life",Doga Kobo,12,2014,TV,77,AniList
BOCCHI THE ROCK!,"Comedy, Music, Slice of Life",CloverWorks,12,2022,TV,87,AniList
Great Pretender,"Action, Comedy, Drama, Thriller",WIT STUDIO,23,2020,ONA,82,AniList
Blood Blockade Battlefront,"Action, Comedy, Supernatural",bones,12,2015,TV,74,AniList
Boruto: Naruto Next Generations,"Action, Adventure, Fantasy",Studio Pierrot,293,2017,TV,56,AniList
The Apothecary Diaries,"Drama, Mystery",Toho,24,2023,TV,88,AniList
Perfect Blue,"Drama, Horror, Psychological, Thriller",MADHOUSE,1,1998,MOVIE,85,AniList
Solo Leveling Season 2 -Arise from the Shadow-,"Action, Adventure, Fantasy",Aniplex,13,2025,TV,87,AniList
Dragon Ball,"Action, Adventure, Comedy, Fantasy, Supernatural",Toei Animation,153,1986,TV,78,AniList
Clannad: After Story,"Drama, Romance, Slice of Life, Supernatural",Kyoto Animation,24,2008,TV,87,AniList
Akira,"Action, Adventure, Horror, Psychological, Sci-Fi, Supernatural",Tokyo Movie Shinsha,1,1988,MOVIE,79,AniList
My Hero Academia: Two Heroes,"Action, Comedy, Drama, Sci-Fi",bones,1,2018,MOVIE,74,AniList
Kaiju No.8,"Action, Sci-Fi",Toho,12,2024,TV,82,AniList
Mushoku Tensei: Jobless Reincarnation Season 2,"Adventure, Drama, Ecchi, Fantasy",Studio Bind,13,2023,TV,81,AniList
Steins;Gate 0,"Drama, Psychological, Sci-Fi, Thriller",WHITE FOX,23,2018,TV,84,AniList
Domestic Girlfriend,"Drama, Ecchi, Romance",diomedéa,12,2019,TV,64,AniList
The Quintessential Quintuplets 2,"Comedy, Drama, Romance, Slice of Life",Bibury Animation Studios,12,2021,TV,79,AniList
Angels of Death,"Action, Adventure, Horror, Psychological, Thriller",J.C.STAFF,12,2018,TV,67,AniList
Sword Art Online: Alicization - War of Underworld,"Action, Adventure, Fantasy",A-1 Pictures,12,2019,TV,75,AniList
March comes in like a lion,"Drama, Slice of Life",Shaft,22,2016,TV,83,AniList
My Teen Romantic Comedy SNAFU Climax!,"Comedy, Drama, Romance, Slice of Life",feel.,12,2020,TV,82,AniList
Attack on Titan Final Season THE FINAL CHAPTERS Special 1,"Action, Drama, Fantasy, Mystery, Psychological",MAPPA,1,2023,SPECIAL,87,AniList
Grand Blue Dreaming,"Comedy, Slice of Life, Sports",Zero-G,12,2018,TV,82,AniList
Zom 100: Bucket List of the Dead,"Action, Comedy, Horror, Supernatural",Shogakukan-Shueisha Productions,12,2023,TV,77,AniList
Arifureta: From Commonplace to World's Strongest,"Action, Adventure, Fantasy, Psychological",WHITE FOX,13,2019,TV,65,AniList
Ranking of Kings,"Action, Adventure, Drama, Fantasy",WIT STUDIO,23,2021,TV,84,AniList
given,"Drama, Music, Romance, Slice of Life",Lerche,11,2019,TV,82,AniList
Yona of the Dawn,"Action, Adventure, Comedy, Drama, Fantasy, Romance",Studio Pierrot,24,2014,TV,79,AniList
Demon Slayer: Kimetsu no Yaiba Hashira Training Arc,"Action, Adventure, Drama, Fantasy, Supernatural",ufotable,8,2024,TV,80,AniList
Dragon Ball Super,"Action, Adventure, Comedy, Fantasy, Sci-Fi",Toei Animation,131,2015,TV,72,AniList
Cells at Work!,"Action, Comedy, Sci-Fi",David Production,13,2018,TV,74,AniList
Fate/stay night: Unlimited Blade Works 2nd Season,"Action, Drama, Fantasy, Supernatural",ufotable,13,2015,TV,82,AniList
FLCL,"Action, Comedy, Mecha, Sci-Fi",Gainax,6,2000,OVA,78,AniList
Summer Time Rendering,"Action, Drama, Mystery, Supernatural, Thriller",OLM,25,2022,TV,83,AniList
Kiznaiver,"Drama, Romance, Sci-Fi",TRIGGER,12,2016,TV,71,AniList
SHIMONETA: A Boring World Where the Concept of Dirty Jokes Doesn’t Exist,"Comedy, Ecchi",J.C.STAFF,12,2015,TV,69,AniList
The Seven Deadly Sins: Imperial Wrath of the Gods,"Action, Adventure, Comedy, Ecchi, Fantasy, Supernatural",Studio DEEN,24,2019,TV,62,AniList
SPY x FAMILY Season 2,"Action, Comedy, Slice of Life, Supernatural",WIT STUDIO,12,2023,TV,81,AniList
The Melancholy of Haruhi Suzumiya,"Comedy, Mystery, Sci-Fi, Slice of Life, Supernatural",Kyoto Animation,14,2006,TV,76,AniList
Black Bullet,"Action, Drama, Mystery, Sci-Fi",Kinema Citrus,13,2014,TV,67,AniList
How NOT to Summon a Demon Lord,"Comedy, Ecchi, Fantasy",Ajiado,12,2018,TV,66,AniList
Bungo Stray Dogs 3,"Action, Comedy, Mystery, Supernatural",bones,12,2019,TV,81,AniList
Into the Forest of Fireflies' Light,"Drama, Fantasy, Romance, Supernatural",Aniplex,1,2011,MOVIE,79,AniList
91 Days,"Action, Drama, Psychological",Shuka,12,2016,TV,76,AniList
The Case Study of Vanitas,"Drama, Fantasy, Mystery, Supernatural",bones,12,2021,TV,78,AniList
Lycoris Recoil,"Action, Slice of Life",A-1 Pictures,13,2022,TV,81,AniList
Tsuredure Children,"Comedy, Drama, Romance, Slice of Life",Studio Gokumi,12,2017,TV_SHORT,74,AniList
Seraph of the End: Battle in Nagoya,"Action, Drama, Fantasy, Supernatural",WIT STUDIO,12,2015,TV,74,AniList
Wolf Children,"Drama, Fantasy, Romance, Slice of Life",MADHOUSE,1,2012,MOVIE,83,AniList
High School DxD NEW,"Action, Comedy, Ecchi, Fantasy, Romance",Funimation,12,2013,TV,71,AniList
Daily Lives of High School Boys,"Comedy, Slice of Life",Sunrise,12,2012,TV,80,AniList
Sword Art Online the Movie: Ordinal Scale,"Action, Adventure, Fantasy, Romance, Sci-Fi",A-1 Pictures,1,2017,MOVIE,73,AniList
Shikimori's Not Just a Cutie,"Comedy, Romance, Slice of Life",Doga Kobo,12,2022,TV,68,AniList
Baccano!,"Action, Mystery, Supernatural",Aniplex,13,2007,TV,81,AniList
Is It Wrong to Try to Pick Up Girls in a Dungeon? III,"Action, Adventure, Comedy, Fantasy, Romance",J.C.STAFF,12,2020,TV,74,AniList
TRINITY SEVEN,"Action, Comedy, Ecchi, Fantasy, Romance",Seven Arcs,12,2014,TV,67,AniList
Kabaneri of the Iron Fortress,"Action, Drama, Fantasy, Horror, Supernatural",WIT STUDIO,12,2016,TV,70,AniList
Kokoro Connect,"Drama, Romance, Slice of Life, Supernatural",Starchild Records,13,2012,TV,75,AniList
Sword Art Online: Alicization - War of Underworld Part 2,"Action, Adventure, Fantasy",Aniplex,11,2020,TV,74,AniList
Grave of the Fireflies,Drama,Studio Ghibli,1,1988,MOVIE,83,AniList
Nisemonogatari,"Comedy, Drama, Ecchi, Mystery, Psychological, Supernatural",Aniplex,11,2012,TV,79,AniList
A Certain Magical Index,"Action, Sci-Fi, Supernatural",J.C.STAFF,24,2008,TV,70,AniList
Haven't You Heard? I'm Sakamoto,"Comedy, Slice of Life",Studio DEEN,12,2016,TV,73,AniList
Cautious Hero: The Hero Is Overpowered but Overly Cautious,"Action, Adventure, Comedy, Fantasy",WHITE FOX,12,2019,TV,73,AniList
Eromanga Sensei,"Comedy, Drama, Ecchi, Romance, Slice of Life",A-1 Pictures,12,2017,TV,60,AniList
Akashic Records of Bastard Magic Instructor,"Action, Comedy, Fantasy",LIDENFILMS,12,2017,TV,68,AniList
Tengoku Daimakyo,"Adventure, Mystery, Sci-Fi, Thriller",Production I.G,13,2023,TV,81,AniList
Free! -Iwatobi Swim Club-,"Comedy, Drama, Slice of Life, Sports",Kyoto Animation,12,2013,TV,71,AniList
Violet Evergarden: the Movie,"Drama, Fantasy, Slice of Life",Kyoto Animation,1,2020,MOVIE,87,AniList
MUSHI-SHI,"Adventure, Fantasy, Mystery, Psychological, Slice of Life, Supernatural",Artland,26,2005,TV,85,AniList
NANA,"Drama, Music, Romance, Slice of Life",MADHOUSE,47,2006,TV,85,AniList
Welcome to the N-H-K,"Comedy, Drama, Psychological, Romance, Slice of Life",GONZO,24,2006,TV,82,AniList
Gate,"Action, Adventure, Fantasy",A-1 Pictures,12,2015,TV,74,AniList
Yamada and the Seven Witches,"Comedy, Mystery, Romance, Supernatural",LIDENFILMS,12,2015,TV,73,AniList
BLEND-S,"Comedy, Slice of Life",A-1 Pictures,12,2017,TV,70,AniList
"Higehiro: After Being Rejected, I Shaved and Took in a High School Runaway","Drama, Romance, Slice of Life",project No.9,13,2021,TV,70,AniList
Fate/stay night,"Action, Fantasy, Romance, Supernatural",NBCUniversal Entertainment Japan,24,2006,TV,68,AniList
Fairy Tail Series 2,"Action, Adventure, Fantasy",A-1 Pictures,102,2014,TV,74,AniList
Fruits Basket Season 2,"Comedy, Drama, Psychological, Romance, Slice of Life, Supernatural",TMS Entertainment,25,2020,TV,85,AniList
Scum's Wish,"Drama, Ecchi, Psychological, Romance",Lerche,12,2017,TV,68,AniList
The Disastrous Life of Saiki K. Season 2,"Comedy, Slice of Life, Supernatural",J.C.STAFF,24,2018,TV,83,AniList
Spice and Wolf,"Adventure, Fantasy, Romance, Slice of Life",Imagin,13,2008,TV,80,AniList
"Love, Chunibyo & Other Delusions - Heart Throb -","Comedy, Drama, Romance, Slice of Life",Kyoto Animation,12,2014,TV,74,AniList
Delicious in Dungeon,"Adventure, Comedy, Fantasy",TRIGGER,24,2024,TV,85,AniList
A Whisker Away,"Drama, Fantasy, Romance",Studio Colorido,1,2020,MOVIE,72,AniList
The World's Finest Assassin Gets Reincarnated in Another World as an Aristocrat,"Action, Adventure, Drama, Fantasy, Mystery, Romance",SILVER LINK.,12,2021,TV,72,AniList
Blue Exorcist: Kyoto Saga,"Action, Fantasy, Supernatural",A-1 Pictures,12,2017,TV,72,AniList
From the New World,"Drama, Horror, Mystery, Psychological, Sci-Fi, Supernatural",Aniplex,25,2012,TV,80,AniList
Kuroko's Basketball 2,"Comedy, Sports",Production I.G,25,2013,TV,80,AniList
Dr. STONE New World,"Action, Adventure, Comedy, Sci-Fi",Toho,11,2023,TV,81,AniList
Kiki's Delivery Service,"Adventure, Drama, Fantasy, Slice of Life",Studio Ghibli,1,1989,MOVIE,81,AniList
Ponyo,"Adventure, Fantasy",Studio Ghibli,1,2008,MOVIE,79,AniList
Snow White with the Red Hair,"Drama, Fantasy, Romance",bones,12,2015,TV,76,AniList
BLEACH: Thousand-Year Blood War,"Action, Adventure, Supernatural",Studio Pierrot,13,2022,TV,88,AniList
When They Cry,"Horror, Mystery, Psychological, Supernatural, Thriller",Studio DEEN,26,2006,TV,75,AniList
Saekano: How to Raise a Boring Girlfriend,"Comedy, Romance, Slice of Life",A-1 Pictures,13,2015,TV,73,AniList
Food Wars! The Fourth Plate,"Comedy, Ecchi",J.C.STAFF,12,2019,TV,76,AniList
Hellsing Ultimate,"Action, Horror, Supernatural",MADHOUSE,10,2006,OVA,81,AniList
The Girl Who Leapt Through Time,"Drama, Romance, Sci-Fi",MADHOUSE,1,2006,MOVIE,78,AniList
Vivy -Fluorite Eye's Song-,"Action, Drama, Music, Sci-Fi, Thriller",WIT STUDIO,13,2021,TV,82,AniList
K,"Action, Mystery, Supernatural",Starchild Records,13,2012,TV,71,AniList
Monogatari Series Second Season,"Comedy, Drama, Mystery, Psychological, Romance, Supernatural",Shaft,26,2013,TV,88,AniList
Grimgar of Fantasy and Ash,"Action, Adventure, Drama, Fantasy",A-1 Pictures,12,2016,TV,74,AniList
JoJo's Bizarre Adventure: STONE OCEAN,"Action, Adventure, Drama, Supernatural",Warner Bros. Japan,12,2021,ONA,80,AniList
Darker than Black,"Action, Mystery, Sci-Fi",bones,25,2007,TV,77,AniList
Food Wars! The Third Plate: Totsuki Train Arc,"Comedy, Ecchi",J.C.STAFF,12,2018,TV,77,AniList
High School DxD BorN,"Action, Comedy, Ecchi, Fantasy, Romance",TNK,12,2015,TV,70,AniList
INUYASHIKI LAST HERO,"Action, Drama, Psychological, Sci-Fi",MAPPA,11,2017,TV,74,AniList
GAMERS!,"Comedy, Drama, Romance, Slice of Life",PINE JAM,12,2017,TV,65,AniList
Himouto! Umaru-chan,"Comedy, Slice of Life",Doga Kobo,12,2015,TV,67,AniList
Suzume,"Adventure, Fantasy, Mystery, Supernatural",CoMix Wave,1,2022,MOVIE,82,AniList
Wise Man’s Grandchild,"Action, Comedy, Fantasy, Romance",SILVER LINK.,12,2019,TV,64,AniList
"BOFURI: I Don't Want to Get Hurt, so I'll Max Out My Defense.","Action, Adventure, Comedy, Fantasy, Slice of Life",SILVER LINK.,12,2020,TV,74,AniList
Darwin's Game,"Action, Mystery, Sci-Fi, Thriller",Nexus,11,2020,TV,70,AniList
My Hero Academia: Heroes Rising,"Action, Sci-Fi",bones,1,2019,MOVIE,78,AniList
86 EIGHTY-SIX Part 2,"Action, Drama, Mecha, Sci-Fi",A-1 Pictures,12,2021,TV,86,AniList
Dorohedoro,"Action, Adventure, Comedy, Fantasy, Horror, Mystery",MAPPA,12,2020,TV,79,AniList
Fruits Basket The Final Season,"Comedy, Drama, Psychological, Romance, Slice of Life, Supernatural",TMS Entertainment,13,2021,TV,89,AniList
The Seven Deadly Sins: Signs of A Holy War,"Action, Adventure, Comedy, Ecchi, Fantasy, Supernatural",A-1 Pictures,4,2016,TV,67,AniList
InuYasha,"Action, Adventure, Comedy, Fantasy, Romance",Kyoto Animation,167,2000,TV,76,AniList
Teasing Master Takagi-san,"Comedy, Romance, Slice of Life",Shin-Ei Animation,12,2018,TV,74,AniList
My Love Story with Yamada-kun at Lv999,"Comedy, Drama, Romance",Aniplex,13,2023,TV,78,AniList
A Place Further Than the Universe,"Adventure, Comedy, Drama",MADHOUSE,13,2018,TV,84,AniList
Magi: The Kingdom of Magic,"Action, Adventure, Fantasy",A-1 Pictures,25,2013,TV,81,AniList
Laid-Back Camp,"Comedy, Slice of Life",C-Station,12,2018,TV,81,AniList
Sword Art Online Alternative: Gun Gale Online,"Action, Sci-Fi",Studio 3Hz,12,2018,TV,69,AniList
Monster Musume: Everyday Life With Monster Girls,"Comedy, Ecchi, Fantasy, Romance",Lerche,12,2015,TV,66,AniList
K-ON! Season 2,"Comedy, Music, Slice of Life",Kyoto Animation,26,2010,TV,82,AniList
The Millionaire Detective - Balance: UNLIMITED,"Action, Comedy, Mystery, Sci-Fi",CloverWorks,11,2020,TV,74,AniList
Miss Kobayashi's Dragon Maid S,"Comedy, Fantasy, Slice of Life",Kyoto Animation,12,2021,TV,81,AniList
Nisekoi:,"Comedy, Romance, Slice of Life",Shaft,12,2015,TV,71,AniList
Little Witch Academia (TV),"Comedy, Fantasy",TRIGGER,25,2017,TV,77,AniList
takt op.Destiny,"Action, Fantasy, Music",Bandai Namco Arts,12,2021,TV,69,AniList
GTO: Great Teacher Onizuka,"Comedy, Drama, Slice of Life",Studio Pierrot,43,1999,TV,84,AniList
Kizumonogatari Part 1: Tekketsu,"Action, Drama, Ecchi, Mystery, Psychological, Supernatural",Aniplex,1,2016,MOVIE,83,AniList
Haganai,"Comedy, Ecchi, Romance, Slice of Life",Funimation,12,2011,TV,68,AniList
"Josee, the Tiger and the Fish","Drama, Romance, Slice of Life",bones,1,2020,MOVIE,82,AniList
BTOOOM!,"Action, Psychological, Sci-Fi",MADHOUSE,12,2012,TV,68,AniList
Amagi Brilliant Park,"Comedy, Fantasy",Kyoto Animation,13,2014,TV,72,AniList
Ghost in the Shell,"Action, Psychological, Sci-Fi",Production I.G,1,1995,MOVIE,80,AniList
Berserk,"Action, Adventure, Drama, Fantasy, Horror, Supernatural",OLM,25,1997,TV,84,AniList
Trigun,"Action, Adventure, Comedy, Drama, Sci-Fi",MADHOUSE,26,1998,TV,80,AniList
Mushoku Tensei: Jobless Reincarnation Season 2 Part 2,"Adventure, Drama, Ecchi, Fantasy",Studio Bind,12,2024,TV,83,AniList
Overlord IV,"Action, Adventure, Fantasy",MADHOUSE,13,2022,TV,80,AniList
Akudama Drive,"Action, Drama, Sci-Fi, Thriller",Studio Pierrot,12,2020,TV,75,AniList
SAKAMOTO DAYS,"Action, Comedy",TMS Entertainment,11,2025,ONA,76,AniList
Mieruko-chan,"Comedy, Horror, Slice of Life, Supernatural",Passione,12,2021,TV,72,AniList
Kuroko's Basketball 3,"Comedy, Sports",Production I.G,25,2015,TV,81,AniList
Komi Can't Communicate Part 2,"Comedy, Romance, Slice of Life",Shogakukan-Shueisha Productions,12,2022,TV,79,AniList
Land of the Lustrous,"Action, Drama, Fantasy, Mystery, Psychological",Orange,12,2017,TV,83,AniList
The Eminence in Shadow Season 2,"Action, Comedy, Fantasy",KADOKAWA,12,2023,TV,82,AniList
Kamisama Kiss,"Comedy, Fantasy, Romance, Supernatural",TV Tokyo,13,2012,TV,80,AniList
Made in Abyss: Dawn of the Deep Soul,"Action, Adventure, Drama, Fantasy, Horror, Mystery, Psychological, Sci-Fi",Kinema Citrus,1,2020,MOVIE,85,AniList
The Testament of Sister New Devil,"Action, Ecchi, Fantasy, Romance",Production IMS,12,2015,TV,63,AniList
ZOMBIE LAND SAGA,"Comedy, Music, Supernatural",MAPPA,12,2018,TV,74,AniList
In/Spectre,"Comedy, Mystery, Romance, Supernatural",Brain's Base,12,2020,TV,68,AniList
Tsukigakirei,"Drama, Romance, Slice of Life",feel.,12,2017,TV,78,AniList
Yu Yu Hakusho: Ghostfiles,"Action, Adventure, Comedy, Supernatural",Studio Pierrot,112,1992,TV,82,AniList
A Certain Scientific Railgun,"Action, Fantasy, Sci-Fi",J.C.STAFF,24,2009,TV,75,AniList
KONOSUBA -God's blessing on this wonderful world! 3,"Action, Adventure, Comedy, Ecchi, Fantasy",Drive,11,2024,TV,82,AniList
The Way of the Househusband,"Comedy, Slice of Life",J.C.STAFF,5,2021,ONA,71,AniList
My Love Story!!,"Comedy, Romance",MADHOUSE,24,2015,TV,77,AniList
"Say ""I love you"".","Drama, Romance",Starchild Records,13,2012,TV,71,AniList
The Asterisk War,"Action, Comedy, Ecchi, Fantasy, Romance, Sci-Fi",A-1 Pictures,12,2015,TV,65,AniList
Barakamon,Slice of Life,Kinema Citrus,12,2014,TV,82,AniList
Link Click,"Drama, Mystery, Supernatural, Thriller",BeDream,11,2021,ONA,86,AniList
Nekomonogatari Black,"Drama, Mystery, Psychological, Romance, Supernatural",Shaft,4,2012,TV,77,AniList
The Devil is a Part-Timer! Season 2,"Comedy, Fantasy, Romance, Slice of Life",Studio 3Hz,12,2022,TV,66,AniList
The Familiar of Zero,"Action, Adventure, Comedy, Ecchi, Fantasy, Romance",J.C.STAFF,13,2006,TV,68,AniList
"WataMote: No Matter How I Look At It, It's You Guys' Fault I'm Not Popular!","Comedy, Slice of Life",Square Enix,12,2013,TV,67,AniList
Classroom of the Elite Season 3,"Drama, Psychological",KADOKAWA,13,2024,TV,79,AniList
WIND BREAKER,"Action, Comedy, Drama",CloverWorks,13,2024,TV,78,AniList
Welcome to Demon School! Iruma-kun,"Comedy, Fantasy",Bandai Namco Pictures,23,2019,TV,77,AniList
Alya Sometimes Hides Her Feelings in Russian,"Comedy, Romance, Slice of Life",KADOKAWA,12,2024,TV,75,AniList
MASHLE: MAGIC AND MUSCLES Season 2,"Action, Comedy, Fantasy",A-1 Pictures,12,2024,TV,78,AniList
HINAMATSURI,"Comedy, Sci-Fi, Slice of Life, Supernatural",feel.,12,2018,TV,80,AniList
Moriarty the Patriot,"Drama, Mystery, Psychological",Production I.G,11,2020,TV,80,AniList
Sound! Euphonium,"Drama, Music, Slice of Life",Kyoto Animation,13,2015,TV,80,AniList
Attack on Titan: No Regrets,"Action, Drama, Fantasy",Production I.G,2,2014,OVA,82,AniList
Blue Period,"Drama, Slice of Life",Seven Arcs,12,2021,ONA,77,AniList
Tomo-chan Is a Girl!,"Comedy, Romance, Slice of Life",Lay-duce,13,2023,TV,77,AniList
Ergo Proxy,"Adventure, Mystery, Psychological, Sci-Fi",NBCUniversal Entertainment Japan,23,2006,TV,76,AniList
Oreimo,"Comedy, Slice of Life",Aniplex,12,2010,TV,65,AniList
That Time I Got Reincarnated as a Slime Season 3,"Action, Adventure, Comedy, Fantasy",8-bit,24,2024,TV,77,AniList
Food Wars! The Fifth Plate,"Comedy, Drama, Ecchi",J.C.STAFF,13,2020,TV,71,AniList
Gleipnir,"Action, Ecchi, Mystery, Supernatural",PINE JAM,13,2020,TV,66,AniList
The Disappearance of Haruhi Suzumiya,"Drama, Mystery, Sci-Fi, Supernatural",Kyoto Animation,1,2010,MOVIE,86,AniList
The Tatami Galaxy,"Comedy, Mystery, Psychological, Romance",MADHOUSE,11,2010,TV,85,AniList
Asobi Asobase - workshop of fun -,"Comedy, Slice of Life",Lerche,12,2018,TV,79,AniList
TSUKIMICHI -Moonlit Fantasy-,"Action, Adventure, Comedy, Fantasy",C2C,12,2021,TV,76,AniList
Oshi no Ko Season 2,"Drama, Mystery, Psychological, Supernatural",KADOKAWA,13,2024,TV,85,AniList
In Another World With My Smartphone,"Adventure, Comedy, Fantasy, Romance",Ashi Productions,12,2017,TV,57,AniList
Shangri-La Frontier,"Action, Adventure, Comedy, Fantasy, Sci-Fi",C2C,25,2023,TV,80,AniList
Tomodachi Game,"Drama, Mystery, Psychological, Thriller",Okuruto Noboru,12,2022,ONA,76,AniList
Date A Live II,"Action, Comedy, Ecchi, Fantasy, Romance, Sci-Fi",AIC Plus+,10,2014,TV,69,AniList
Kizumonogatari Part 3: Reiketsu,"Action, Drama, Ecchi, Mystery, Psychological, Supernatural",Shaft,1,2017,MOVIE,87,AniList
Wandering Witch: The Journey of Elaina,"Adventure, Fantasy, Slice of Life",C2C,12,2020,TV,74,AniList
Redo of Healer,"Action, Adventure, Ecchi, Fantasy",TNK,12,2021,TV,57,AniList
The Fruit of Grisaia,"Drama, Ecchi, Psychological, Romance",8-bit,13,2014,TV,71,AniList
Attack on Titan Final Season THE FINAL CHAPTERS Special 2,"Action, Drama, Fantasy, Psychological, Romance",MAPPA,1,2023,SPECIAL,87,AniList
Paprika,"Fantasy, Mystery, Psychological, Sci-Fi, Thriller",MADHOUSE,1,2006,MOVIE,78,AniList
Made in Abyss: The Golden City of the Scorching Sun,"Adventure, Drama, Fantasy, Horror, Mystery, Sci-Fi",KADOKAWA,12,2022,TV,85,AniList
My Next Life as a Villainess: All Routes Lead to Doom!,"Comedy, Fantasy, Romance, Slice of Life",SILVER LINK.,12,2020,TV,73,AniList
Citrus,"Drama, Romance",Passione,12,2018,TV,60,AniList
Uzaki-chan Wants to Hang Out!,"Comedy, Ecchi, Romance, Slice of Life",ENGI,12,2020,TV,67,AniList
Re:ZERO -Starting Life in Another World- Season 3,"Action, Adventure, Drama, Fantasy, Psychological, Romance, Thriller",KADOKAWA,16,2024,TV,84,AniList
"So I'm a Spider, So What?","Action, Adventure, Comedy, Fantasy, Mystery",Crunchyroll,24,2021,TV,72,AniList
ODDTAXI,"Drama, Mystery, Psychological, Thriller",OLM,13,2021,TV,85,AniList
Kizumonogatari Part 2: Nekketsu,"Action, Drama, Ecchi, Mystery, Psychological, Supernatural",Shaft,1,2016,MOVIE,85,AniList
Fate/stay night [Heaven's Feel] I. presage flower,"Action, Fantasy, Psychological, Supernatural",ufotable,1,2017,MOVIE,80,AniList
Lucky☆Star,"Comedy, Slice of Life",Kyoto Animation,24,2007,TV,75,AniList
PSYCHO-PASS 2,"Action, Psychological, Sci-Fi, Thriller",Tatsunoko Production,11,2014,TV,71,AniList
BEASTARS Season 2,"Drama, Mystery, Psychological, Romance, Slice of Life",Orange,12,2021,TV,78,AniList
Megalobox,"Action, Drama, Sci-Fi, Sports",TMS Entertainment,13,2018,TV,77,AniList
Pokémon,"Action, Adventure, Comedy, Fantasy",TV Tokyo,276,1997,TV,72,AniList
Maquia: When the Promised Flower Blooms,"Drama, Fantasy, Psychological",P.A.WORKS,1,2018,MOVIE,82,AniList
Evangelion: 1.0 You Are (Not) Alone,"Action, Drama, Mecha, Psychological, Sci-Fi",Gainax,1,2007,MOVIE,77,AniList
Blood Lad,"Action, Adventure, Comedy, Ecchi, Supernatural",Brain's Base,10,2013,TV,69,AniList
A Lull in the Sea (Nagi-Asu: Nagi no Asukara),"Drama, Fantasy, Romance, Slice of Life",P.A.WORKS,26,2013,TV,77,AniList
Fairy Tail Final Season,"Action, Adventure, Comedy, Fantasy",A-1 Pictures,51,2018,TV,75,AniList
My First Girlfriend is a Gal,"Comedy, Ecchi, Romance, Slice of Life",NAZ,10,2017,TV,59,AniList
Steins;Gate The Movie – Load Region of Déjà Vu,"Drama, Romance, Sci-Fi, Thriller",Frontier Works,1,2013,MOVIE,82,AniList
My Hero Academia Season 7,"Action, Adventure",Toho,21,2024,TV,81,AniList
Violet Evergarden: Eternity and the Auto Memory Doll,"Drama, Fantasy, Slice of Life",Kyoto Animation,1,2019,MOVIE,83,AniList
To Love Ru,"Comedy, Ecchi, Romance, Sci-Fi",Xebec,26,2008,TV,65,AniList
The Last: Naruto the Movie,"Action, Romance",Studio Pierrot,1,2014,MOVIE,75,AniList
Myriad Colors Phantom World,"Action, Ecchi, Slice of Life, Supernatural",Kyoto Animation,13,2016,TV,65,AniList
Katanagatari,"Action, Adventure, Romance",Aniplex,12,2010,TV,81,AniList
Re:CREATORS,"Action, Drama, Fantasy, Mecha, Thriller",TROYCA,22,2017,TV,73,AniList
ORESUKI: Are you the only one who loves me?,"Comedy, Drama, Ecchi, Romance, Slice of Life",CONNECT,12,2019,TV,70,AniList
Horimiya: The Missing Pieces,"Comedy, Romance, Slice of Life",CloverWorks,13,2023,TV,81,AniList
Hellsing,"Action, Horror, Supernatural",GONZO,13,2001,TV,71,AniList
The World God Only Knows,"Comedy, Romance, Supernatural",TV Tokyo,12,2010,TV,74,AniList
GANGSTA.,"Action, Drama",Manglobe,12,2015,TV,71,AniList
And you thought there is never a girl online?,"Comedy, Ecchi, Romance",project No.9,12,2016,TV,63,AniList
Recovery of an MMO Junkie,"Comedy, Fantasy, Romance, Slice of Life",Signal.MD,10,2017,TV,73,AniList
The Seven Deadly Sins: Dragon's Judgement,"Action, Adventure, Comedy, Ecchi, Fantasy, Supernatural",Studio DEEN,24,2021,TV,65,AniList
Accel World,"Action, Romance, Sci-Fi",Sunrise,24,2012,TV,67,AniList
Bottom-Tier Character Tomozaki,"Comedy, Drama, Romance, Slice of Life",project No.9,12,2021,TV,70,AniList
March comes in like a lion Season 2,"Drama, Slice of Life",Shaft,22,2017,TV,89,AniList
Bloom Into You,"Drama, Romance, Slice of Life",TROYCA,13,2018,TV,78,AniList
Gabriel DropOut,"Comedy, Slice of Life, Supernatural",Doga Kobo,12,2017,TV,73,AniList
Rokka -Braves of the Six Flowers-,"Action, Adventure, Fantasy, Mystery",Passione,12,2015,TV,70,AniList
High School DxD HERO,"Action, Comedy, Ecchi, Fantasy, Romance",Passione,13,2018,TV,69,AniList
Tokyo Revengers Season 2,"Action, Drama, Romance, Supernatural",Pony Canyon,13,2023,TV,76,AniList
Owarimonogatari,"Drama, Mystery, Psychological, Supernatural",Shaft,12,2015,TV,84,AniList
Fate/Apocrypha,"Action, Drama, Fantasy, Supernatural",A-1 Pictures,25,2017,TV,69,AniList
Oreshura,"Comedy, Romance",Aniplex,13,2013,TV,66,AniList
Log Horizon 2,"Action, Adventure, Fantasy",Studio DEEN,25,2014,TV,73,AniList
I've Been Killing Slimes for 300 Years and Maxed Out My Level,"Adventure, Comedy, Fantasy, Slice of Life",REVOROOT,12,2021,TV,69,AniList
The Rising of the Shield Hero Season 3,"Action, Adventure, Fantasy",Kinema Citrus,12,2023,TV,71,AniList
BNA,"Action, Comedy, Fantasy",TRIGGER,12,2020,ONA,72,AniList
Evangelion: 2.0 You Can (Not) Advance,"Action, Drama, Mecha, Psychological, Sci-Fi",Gainax,1,2009,MOVIE,81,AniList
Rent-a-Girlfriend Season 2,"Comedy, Drama, Romance",TMS Entertainment,12,2022,TV,66,AniList
Hajime no Ippo: The Fighting!,"Comedy, Drama, Sports",MADHOUSE,75,2000,TV,86,AniList
Infinite Stratos,"Action, Comedy, Ecchi, Mecha, Romance, Sci-Fi",Lantis,12,2011,TV,61,AniList
Attack on Titan OVA,"Action, Drama, Fantasy, Mystery",WIT STUDIO,3,2013,OVA,76,AniList
Death March to the Parallel World Rhapsody,"Action, Adventure, Comedy, Fantasy",SILVER LINK.,12,2018,TV,61,AniList
BAKI,"Action, Sports",TMS Entertainment,26,2018,ONA,72,AniList
We Never Learn: BOKUBEN,"Comedy, Ecchi, Romance, Slice of Life",Studio Silver,13,2019,TV,71,AniList
DRIFTERS,"Action, Adventure, Comedy, Fantasy",Hoods Entertainment,12,2016,TV,75,AniList
Plunderer,"Action, Adventure, Comedy, Drama, Ecchi, Fantasy, Romance",GEEKTOYS,24,2020,TV,62,AniList
Strike the Blood,"Action, Ecchi, Fantasy, Supernatural",SILVER LINK.,24,2013,TV,66,AniList
Castle in the Sky,"Adventure, Fantasy, Sci-Fi",Studio Ghibli,1,1986,MOVIE,80,AniList
Platinum End,"Drama, Mystery, Psychological, Romance, Supernatural",Signal.MD,24,2021,TV,58,AniList
The Dangers in My Heart,"Comedy, Romance, Slice of Life",Shin-Ei Animation,12,2023,TV,81,AniList
Tamako Market,"Comedy, Slice of Life",Kyoto Animation,12,2013,TV,73,AniList
Golden Kamuy,"Action, Adventure, Comedy",Geno Studio,12,2018,TV,77,AniList
Sankarea: Undying Love,"Comedy, Ecchi, Horror, Romance, Supernatural",Studio DEEN,12,2012,TV,70,AniList
Hunter x Hunter,"Action, Adventure, Fantasy",Nippon Animation,62,1999,TV,82,AniList
AHO-GIRL,"Comedy, Romance",diomedéa,12,2017,TV_SHORT,64,AniList
The Angel Next Door Spoils Me Rotten,"Romance, Slice of Life",project No.9,12,2023,TV,77,AniList
High-Rise Invasion,"Action, Horror, Mystery",Zero-G,12,2021,ONA,66,AniList
Kaguya-sama: Love is War -The First Kiss That Never Ends-,"Comedy, Psychological, Romance, Slice of Life",A-1 Pictures,4,2023,TV,87,AniList
Girls' Last Tour,"Adventure, Sci-Fi, Slice of Life",WHITE FOX,12,2017,TV,81,AniList
Shiki,"Horror, Mystery, Supernatural, Thriller",Aniplex,22,2010,TV,75,AniList
Dragon Ball GT,"Action, Adventure, Comedy, Sci-Fi",Toei Animation,64,1996,TV,63,AniList
SCHOOL-LIVE!,"Horror, Mystery, Psychological, Slice of Life, Supernatural",Lerche,12,2015,TV,74,AniList
The Misfit of Demon King Academy Ⅱ: History's Strongest Demon King Reincarnates and Goes to School with His Descendants,"Action, Fantasy",SILVER LINK.,12,2023,TV,68,AniList
Natsume's Book of Friends Season 1,"Drama, Fantasy, Slice of Life, Supernatural",Aniplex,13,2008,TV,80,AniList
The Daily Life of the Immortal King,"Action, Adventure, Comedy, Fantasy, Slice of Life",Haoliners Animation,15,2020,ONA,73,AniList
Fate/stay night [Heaven's Feel] II. lost butterfly,"Action, Fantasy, Psychological, Romance, Supernatural, Thriller",ufotable,1,2019,MOVIE,84,AniList
School Days (TV),"Drama, Psychological, Romance",Avex Entertainment,12,2007,TV,49,AniList
Tanaka-kun is Always Listless,"Comedy, Slice of Life",SILVER LINK.,12,2016,TV,77,AniList
Hanamonogatari,"Drama, Mystery, Psychological, Supernatural",Shaft,5,2014,TV,78,AniList
How Heavy Are the Dumbbells You Lift?,"Comedy, Ecchi, Slice of Life, Sports",Doga Kobo,12,2019,TV,71,AniList
HAIKYU!! LAND VS. AIR,"Comedy, Drama, Sports",Production I.G,2,2020,OVA,78,AniList
Owarimonogatari Second Season,"Comedy, Mystery, Psychological, Romance, Supernatural",Shaft,7,2017,TV,89,AniList
ID: INVADED,"Drama, Mystery, Psychological, Sci-Fi, Thriller",NAZ,13,2020,TV,77,AniList
KONOSUBA -God's blessing on this wonderful world!: God's Blessings On This Wonderful Choker!,"Comedy, Ecchi, Fantasy",Studio DEEN,1,2016,OVA,76,AniList
"Girlfriend, Girlfriend","Comedy, Ecchi, Romance, Slice of Life",Tezuka Productions,12,2021,TV,63,AniList
NEW GAME!,"Comedy, Slice of Life",Doga Kobo,12,2016,TV,74,AniList
Kemono Jihen,"Action, Drama, Mystery, Supernatural",Ajiado,12,2021,TV,72,AniList
My Happy Marriage,"Drama, Romance, Supernatural",Kinema Citrus,12,2023,TV,77,AniList
Chihayafuru,"Drama, Romance, Slice of Life, Sports",MADHOUSE,25,2011,TV,80,AniList
Lovely Complex,"Comedy, Romance, Slice of Life",Toei Animation,24,2007,TV,78,AniList
"Problem Children Are Coming From Another World, Aren't They?","Action, Comedy, Fantasy, Supernatural",diomedéa,10,2013,TV,70,AniList
Bakuman.,"Comedy, Drama, Romance, Slice of Life",J.C.STAFF,25,2010,TV,79,AniList
Tsukimonogatari,"Comedy, Ecchi, Mystery, Supernatural",Shaft,4,2014,TV,79,AniList
How a Realist Hero Rebuilt the Kingdom,"Action, Adventure, Fantasy, Romance",J.C.STAFF,13,2021,TV,71,AniList
AJIN: Demi-Human,"Action, Horror, Mystery, Supernatural",POLYGON PICTURES,13,2016,TV,71,AniList
The Detective Is Already Dead,"Comedy, Drama, Mystery, Romance, Supernatural",ENGI,12,2021,TV,60,AniList
Seirei Gensouki: Spirit Chronicles,"Action, Drama, Fantasy, Romance",TMS Entertainment,12,2021,TV,69,AniList
Non Non Biyori,Slice of Life,Media Factory,12,2013,TV,78,AniList
"More than a Married Couple, but Not Lovers.","Comedy, Drama, Ecchi, Romance",KADOKAWA,12,2022,TV,75,AniList
How NOT to Summon a Demon Lord Ω,"Comedy, Ecchi, Fantasy",Tezuka Productions,10,2021,TV,66,AniList
Paranoia Agent,"Drama, Mystery, Psychological, Supernatural, Thriller",MADHOUSE,13,2004,TV,76,AniList
Ping Pong the Animation,"Drama, Psychological, Sports",Tatsunoko Production,11,2014,TV,85,AniList
Sonny Boy,"Drama, Mystery, Psychological, Sci-Fi, Supernatural",MADHOUSE,12,2021,TV,77,AniList
Rosario + Vampire,"Comedy, Ecchi, Fantasy, Romance",GONZO,13,2008,TV,62,AniList
The Apothecary Diaries Season 2,"Drama, Mystery",Toho,24,2025,TV,87,AniList
Twin Star Exorcists,"Action, Adventure, Comedy, Drama, Fantasy, Romance, Supernatural",Studio Pierrot,50,2016,TV,69,AniList
"I Got a Cheat Skill in Another World and Became Unrivaled in The Real World, Too","Action, Adventure, Fantasy, Romance",Millepensee,13,2023,TV,63,AniList
Gate 2,"Action, Adventure, Fantasy",A-1 Pictures,12,2016,TV,75,AniList
Absolute Duo,"Action, Ecchi, Romance, Supernatural",8-bit,12,2015,TV,60,AniList
Arifureta: From Commonplace to World's Strongest Season 2,"Action, Adventure, Fantasy, Psychological",Asread,12,2022,TV,70,AniList
Uncle from Another World,"Adventure, Comedy, Fantasy",KADOKAWA,13,2022,TV,77,AniList
Baka and Test - Summon the Beasts,"Comedy, Romance",Funimation,13,2010,TV,71,AniList
The Melancholy of Haruhi Suzumiya (2009),"Comedy, Mystery, Sci-Fi, Slice of Life, Supernatural",Kyoto Animation,28,2009,TV,71,AniList
Evangelion: 3.0 You Can (Not) Redo,"Action, Drama, Mecha, Psychological, Sci-Fi",Studio Khara,1,2012,MOVIE,75,AniList
Gintama Season 4,"Action, Comedy, Drama, Sci-Fi",Bandai Namco Pictures,51,2015,TV,90,AniList
The Hidden Dungeon Only I Can Enter,"Action, Adventure, Comedy, Ecchi, Fantasy, Romance",Okuruto Noboru,12,2021,TV,60,AniList
Skip and Loafer,"Comedy, Romance, Slice of Life",P.A.WORKS,12,2023,TV,81,AniList
Gosick,"Drama, Mystery, Romance",bones,24,2011,TV,77,AniList
Aharen-san wa Hakarenai,"Comedy, Romance, Slice of Life",Felix Film,12,2022,TV,71,AniList
Keep Your Hands Off Eizouken!,"Adventure, Comedy, Slice of Life",Science SARU,12,2020,TV,80,AniList
Dagashi Kashi,"Comedy, Slice of Life",feel.,12,2016,TV,64,AniList
Blast of Tempest,"Action, Drama, Fantasy, Mystery, Romance",bones,24,2012,TV,76,AniList
Love Live! School Idol Project,"Music, Slice of Life",Sunrise,13,2013,TV,72,AniList
Talentless Nana,"Drama, Horror, Psychological, Supernatural, Thriller",Bridge,13,2020,TV,70,AniList
Is It Wrong to Try to Pick Up Girls in a Dungeon? IV,"Action, Adventure, Comedy, Fantasy, Romance",Warner Bros. Japan,11,2022,TV,77,AniList
"Science Fell in Love, So I Tried to Prove It","Comedy, Romance",Zero-G,12,2020,ONA,71,AniList
Magi: Adventure of Sinbad,"Action, Adventure, Fantasy",Lay-duce,13,2016,TV,77,AniList
Dragon Ball Super: Broly,"Action, Adventure, Fantasy, Sci-Fi",Toei Animation,1,2018,MOVIE,80,AniList
Tamako -love story-,"Romance, Slice of Life",Kyoto Animation,1,2014,MOVIE,79,AniList
SHIROBAKO,"Comedy, Drama, Slice of Life",P.A.WORKS,24,2014,TV,82,AniList
Combatants Will Be Dispatched!,"Action, Adventure, Comedy, Ecchi, Fantasy, Sci-Fi",J.C.STAFF,12,2021,TV,68,AniList
Is this a Zombie?,"Action, Comedy, Ecchi, Supernatural",Studio DEEN,12,2011,TV,69,AniList
Summer Wars,"Action, Comedy, Drama, Romance, Sci-Fi",MADHOUSE,1,2009,MOVIE,77,AniList
D.Gray-man,"Action, Adventure, Drama, Fantasy",TV Tokyo,103,2006,TV,76,AniList
NieR:Automata Ver1.1a,"Action, Drama, Fantasy, Psychological, Sci-Fi",Aniplex,12,2023,TV,73,AniList
Steins;Gate: Egoistic Poriomania,"Comedy, Romance, Sci-Fi",Frontier Works,1,2012,OVA,80,AniList
Claymore,"Action, Adventure, Fantasy, Horror",MADHOUSE,26,2007,TV,73,AniList
Wistoria: Wand and Sword,"Action, Comedy, Drama, Fantasy",Actas,12,2024,TV,78,AniList
LOVE and LIES,"Drama, Romance",LIDENFILMS,12,2017,TV,62,AniList
BLEACH: Thousand-Year Blood War - The Separation,"Action, Adventure, Supernatural",Studio Pierrot,13,2023,TV,86,AniList
Puella Magi Madoka Magica the Movie Part III: Rebellion,"Drama, Fantasy, Mahou Shoujo, Mystery, Psychological, Thriller",Aniplex,1,2013,MOVIE,84,AniList
Undead Unluck,"Action, Comedy, Sci-Fi, Supernatural",David Production,24,2023,TV,77,AniList
KONOSUBA -An Explosion on This Wonderful World!,"Adventure, Comedy, Fantasy",KADOKAWA,12,2023,TV,74,AniList
World Trigger,"Action, Sci-Fi",Toei Animation,73,2014,TV,72,AniList
Fate/stay night [Heaven’s Feel] III. spring song,"Action, Drama, Fantasy, Psychological, Supernatural, Thriller",ufotable,1,2020,MOVIE,85,AniList
Durarara!! X2,"Action, Mystery, Supernatural",Shuka,12,2015,TV,78,AniList
Kimi ni Todoke: From Me to You Season 2,"Comedy, Drama, Romance, Slice of Life",Production I.G,13,2011,TV,79,AniList
The Irregular at Magic High School: Visitor Arc,"Action, Romance, Sci-Fi, Supernatural",8-bit,13,2020,TV,72,AniList
Buddy Daddies,"Action, Comedy, Drama, Slice of Life",P.A.WORKS,12,2023,TV,80,AniList
BLUE LOCK Season 2,"Action, Drama, Sports",8-bit,14,2024,TV,75,AniList
God Eater,"Action, Sci-Fi",ufotable,13,2015,TV,68,AniList
A Sign of Affection,"Romance, Slice of Life",Ajiado,12,2024,TV,82,AniList
Evangelion: 3.0+1.0 Thrice Upon a Time,"Action, Drama, Mecha, Psychological, Sci-Fi",Studio Khara,1,2021,MOVIE,85,AniList
Eden of the East,"Drama, Mystery, Psychological, Romance, Sci-Fi, Thriller",Production I.G,11,2009,TV,74,AniList
Record of Ragnarok,"Action, Drama, Fantasy, Supernatural",Graphinica,12,2021,ONA,66,AniList
the Garden of sinners Chapter 1: Thanatos. (Overlooking View),"Action, Mystery, Supernatural, Thriller",Aniplex,1,2007,MOVIE,73,AniList
Violet Evergarden: Special,"Drama, Fantasy, Romance, Slice of Life",Kyoto Animation,1,2018,OVA,82,AniList
Tower of God Season 2,"Action, Adventure, Drama, Fantasy, Mystery",Crunchyroll,26,2024,TV,67,AniList
"Banished from the Hero’s Party, I Decided to Live a Quiet Life in the Countryside","Action, Adventure, Fantasy, Romance, Slice of Life",WolfsBane,13,2021,TV,68,AniList
Seitokai Yakuindomo,"Comedy, Slice of Life",Starchild Records,13,2010,TV,73,AniList
WorldEnd: What are you doing at the end of the world? Are you busy? Will you save us?,"Drama, Fantasy, Mystery, Romance, Slice of Life, Supernatural",Satelight,12,2017,TV,75,AniList
Promare,"Action, Mecha, Sci-Fi",TRIGGER,1,2019,MOVIE,78,AniList
KONOSUBA -God's blessing on this wonderful world! 2: God's Blessings on These Wonderful Works of Art!,"Adventure, Comedy, Fantasy",Studio DEEN,1,2017,OVA,78,AniList
ASSASSINS PRIDE,"Action, Comedy, Drama, Fantasy, Mystery, Romance",EMT Squared,12,2019,TV,57,AniList
The Boy and The Beast,"Action, Adventure, Comedy, Drama, Fantasy, Supernatural",Studio Chizu,1,2015,MOVIE,79,AniList
Gintama Season 2,"Action, Comedy, Drama, Sci-Fi",Sunrise,51,2011,TV,89,AniList
O Maidens in Your Savage Season,"Comedy, Drama, Romance, Slice of Life",Lay-duce,12,2019,TV,72,AniList
Blood Blockade Battlefront & Beyond,"Action, Comedy, Supernatural",bones,12,2017,TV,77,AniList
Kakushigoto,"Comedy, Slice of Life",Ajiado,12,2020,TV,78,AniList
The Helpful Fox Senko-san,"Comedy, Fantasy, Slice of Life, Supernatural",Doga Kobo,12,2019,TV,71,AniList
Date A Live III,"Action, Comedy, Ecchi, Fantasy, Mecha, Romance, Sci-Fi",J.C.STAFF,12,2019,TV,70,AniList
Initial D 1st Stage,"Action, Drama, Sports",OB Planning,26,1998,TV,82,AniList
GOBLIN SLAYER II,"Action, Adventure, Fantasy",LIDENFILMS,12,2023,TV,71,AniList
Interspecies Reviewers,"Comedy, Ecchi, Fantasy",Passione,12,2020,TV,72,AniList
Boarding School Juliet,"Comedy, Romance",LIDENFILMS,12,2018,TV,72,AniList
My Senpai is Annoying,"Comedy, Romance, Slice of Life",Doga Kobo,12,2021,TV,75,AniList
Dr. STONE New World Part 2,"Action, Adventure, Comedy, Sci-Fi",TMS Entertainment,11,2023,TV,83,AniList
Redline,"Action, Romance, Sci-Fi, Sports",MADHOUSE,1,2009,MOVIE,81,AniList
Remake Our Life!,"Drama, Romance, Slice of Life",feel.,12,2021,TV,72,AniList
ISEKAI QUARTET,"Comedy, Fantasy, Slice of Life",Studio PuYUKAI,12,2019,TV_SHORT,72,AniList
"Why the hell are you here, Teacher!?","Comedy, Ecchi, Romance",Tear-Studio,12,2019,TV_SHORT,62,AniList
When Supernatural Battles Became Commonplace,"Comedy, Fantasy, Romance, Slice of Life, Supernatural",TRIGGER,12,2014,TV,68,AniList
Maoyu: Archenemy & Hero,"Adventure, Fantasy, Romance",Arms,12,2013,TV,70,AniList
Re:ZERO -Starting Life in Another World- OVAs,"Comedy, Drama, Fantasy, Psychological",WHITE FOX,2,2018,OVA,76,AniList
kiss×sis (TV),"Comedy, Ecchi, Romance, Slice of Life",feel.,12,2010,TV,59,AniList
ALDNOAH.ZERO,"Action, Mecha, Sci-Fi",A-1 Pictures,12,2014,TV,70,AniList
Keijo!!!!!!!!,"Comedy, Ecchi, Sports",Xebec,12,2016,TV,67,AniList
The Wind Rises,"Drama, Romance",Studio Ghibli,1,2013,MOVIE,80,AniList
Beelzebub,"Action, Comedy, Supernatural",Studio Pierrot,60,2011,TV,75,AniList
Dr. STONE Special Episode – RYUSUI,"Action, Adventure, Comedy, Sci-Fi",TMS Entertainment,1,2022,SPECIAL,81,AniList
Whisper of the Heart,"Adventure, Drama, Romance, Slice of Life",Studio Ghibli,1,1995,MOVIE,81,AniList
Haganai NEXT,"Comedy, Ecchi, Romance, Slice of Life",Funimation,12,2013,TV,69,AniList
Carole & Tuesday,"Drama, Music, Sci-Fi",bones,24,2019,TV,76,AniList
SSSS.GRIDMAN,"Action, Mecha, Sci-Fi",TRIGGER,12,2018,TV,71,AniList
GOLDEN BOY,"Adventure, Comedy, Ecchi",KSS,6,1995,OVA,78,AniList
ReLIFE: Final Arc,"Comedy, Drama, Romance, Slice of Life",TMS Entertainment,4,2018,OVA,80,AniList
Saekano: How to Raise a Boring Girlfriend ♭,"Comedy, Romance, Slice of Life",A-1 Pictures,12,2017,TV,76,AniList
Blue Box,"Romance, Slice of Life, Sports",Telecom Animation Film,25,2024,ONA,81,AniList
No.6,"Action, Drama, Psychological, Sci-Fi",bones,11,2011,TV,72,AniList
Interviews with Monster Girls,"Slice of Life, Supernatural",A-1 Pictures,12,2017,TV,74,AniList
Bunny Drop,Slice of Life,Production I.G,11,2011,TV,81,AniList
A Certain Magical Index II,"Action, Sci-Fi, Supernatural",J.C.STAFF,24,2010,TV,73,AniList
Nausicaä of the Valley of the Wind,"Action, Adventure, Drama, Fantasy, Sci-Fi",Studio Hibari,1,1984,MOVIE,81,AniList
"The 100 Girlfriends Who Really, Really, Really, Really, REALLY Love You","Comedy, Ecchi, Romance",Bibury Animation Studios,12,2023,TV,76,AniList
Ascendance of a Bookworm,"Fantasy, Slice of Life",Ajiado,14,2019,TV,78,AniList
JoJo's Bizarre Adventure: STONE OCEAN Part 2,"Action, Adventure, Drama, Supernatural",David Production,26,2022,ONA,82,AniList
Black Butler II,"Action, Comedy, Fantasy, Mystery, Supernatural",Aniplex,12,2010,TV,66,AniList
Ya Boy Kongming!,"Comedy, Drama, Music, Supernatural",P.A.WORKS,12,2022,TV,80,AniList
The Secret World of Arrietty,"Adventure, Drama, Fantasy",Studio Ghibli,1,2010,MOVIE,77,AniList
A Sister's All You Need.,"Comedy, Ecchi, Romance, Slice of Life",SILVER LINK.,12,2017,TV,70,AniList
Trapped in a Dating Sim: The World of Otome Games Is Tough for Mobs,"Action, Fantasy, Mecha, Romance",KADOKAWA,12,2022,TV,71,AniList
The Asterisk War 2,"Action, Ecchi, Fantasy, Sci-Fi",A-1 Pictures,12,2016,TV,67,AniList
Black Lagoon: The Second Barrage,"Action, Adventure, Drama, Thriller",MADHOUSE,12,2006,TV,80,AniList
Mekakucity Actors,"Comedy, Romance, Sci-Fi, Supernatural",Shaft,12,2014,TV,66,AniList
B: The Beginning,"Action, Mystery, Psychological, Supernatural, Thriller",Production I.G,12,2018,ONA,69,AniList
Panty & Stocking with Garterbelt,"Action, Comedy, Ecchi, Supernatural",Gainax,13,2010,TV,75,AniList
Little Witch Academia,"Comedy, Fantasy",TRIGGER,1,2013,MOVIE,76,AniList
"Kiss Him, Not Me","Comedy, Romance",Brain's Base,12,2016,TV,65,AniList
Sailor Moon,"Action, Adventure, Fantasy, Mahou Shoujo, Romance",Toei Animation,46,1992,TV,76,AniList
Yosuga no Sora: In Solitude Where We are Least Alone,"Drama, Ecchi, Romance",feel.,12,2010,TV,55,AniList
Makeine: Too Many Losing Heroines!,"Comedy, Romance",Aniplex,12,2024,TV,81,AniList
Wolf Girl and Black Prince,"Comedy, Romance, Slice of Life",TYO Animations,12,2014,TV,66,AniList
Engaged to the Unidentified,"Comedy, Romance, Slice of Life",Doga Kobo,12,2014,TV,71,AniList
Tokyo Ravens,"Action, Comedy, Supernatural",8-bit,24,2013,TV,71,AniList
School Babysitters,"Comedy, Slice of Life",Brain's Base,12,2018,TV,78,AniList
Bungo Stray Dogs 4,"Action, Comedy, Mystery, Supernatural",bones,13,2023,TV,84,AniList
Mayo Chiki!,"Comedy, Ecchi, Romance",feel.,13,2011,TV,69,AniList
Our Last Crusade or the Rise of a New World,"Action, Fantasy, Romance",SILVER LINK.,12,2020,TV,65,AniList
Happy Sugar Life,"Drama, Horror, Mystery, Psychological, Romance",Ezo’la,12,2018,TV,65,AniList
DECA-DENCE,"Action, Adventure, Sci-Fi",NUT,12,2020,TV,71,AniList
"SING ""YESTERDAY"" FOR ME","Drama, Romance, Slice of Life",Doga Kobo,12,2020,TV,67,AniList
The Quintessential Quintuplets Movie,"Comedy, Drama, Romance, Slice of Life",Bibury Animation Studios,1,2022,MOVIE,78,AniList
ASTRA LOST IN SPACE,"Adventure, Mystery, Sci-Fi",Lerche,12,2019,TV,78,AniList
Cardcaptor Sakura,"Comedy, Drama, Fantasy, Mahou Shoujo, Romance",MADHOUSE,70,1998,TV,80,AniList
SHADOWS HOUSE,"Fantasy, Horror, Mystery, Slice of Life, Supernatural",CloverWorks,13,2021,TV,77,AniList
Boruto: Naruto the Movie,"Action, Adventure, Comedy",Studio Pierrot,1,2015,MOVIE,70,AniList
BURN THE WITCH,"Action, Fantasy",Studio Colorido,3,2020,ONA,70,AniList
Reincarnated as a Sword,"Action, Adventure, Fantasy",C2C,12,2022,ONA,74,AniList
Spice and Wolf II,"Adventure, Fantasy, Romance, Slice of Life",Imagin,12,2009,TV,81,AniList
Azumanga Daioh,"Comedy, Slice of Life",J.C.STAFF,26,2002,TV,79,AniList
The Genius Prince's Guide to Raising a Nation Out of Debt,"Comedy, Fantasy",Yokohama Animation Lab,12,2022,TV,72,AniList
Fruits Basket,"Comedy, Drama, Romance, Slice of Life, Supernatural",Studio DEEN,26,2001,TV,74,AniList
The Faraway Paladin,"Action, Adventure, Fantasy, Mystery, Psychological",Children's Playground Entertainment,12,2021,TV,68,AniList
The Anthem of the Heart,"Drama, Music, Romance, Slice of Life, Supernatural",A-1 Pictures,1,2015,MOVIE,76,AniList
Demon King Daimao,"Action, Comedy, Ecchi, Fantasy",Artland,12,2010,TV,62,AniList
Vampire Knight,"Drama, Mystery, Romance, Supernatural",Aniplex,13,2008,TV,62,AniList
IRODUKU: The World in Colors,"Drama, Romance, Slice of Life, Supernatural",P.A.WORKS,13,2018,TV,73,AniList
Kono Oto Tomare!: Sounds of Life,"Drama, Music, Romance, Slice of Life",Platinum Vision,13,2019,TV,78,AniList
Kids on the Slope,"Drama, Music, Romance, Slice of Life",Dentsu,12,2012,TV,80,AniList
Ride Your Wave,"Drama, Fantasy, Romance",Science SARU,1,2019,MOVIE,75,AniList
A Certain Scientific Railgun S,"Action, Fantasy, Sci-Fi",J.C.STAFF,24,2013,TV,79,AniList
Hentai Prince & the Stony Cat,"Comedy, Romance, Supernatural",J.C.STAFF,12,2013,TV,68,AniList
I'm Quitting Heroing,"Action, Adventure, Comedy, Fantasy",EMT Squared,12,2022,TV,69,AniList
Skeleton Knight in Another World,"Action, Adventure, Comedy, Fantasy",Studio KAI,12,2022,TV,70,AniList
Shakugan no Shana,"Action, Comedy, Drama, Fantasy, Romance, Supernatural",J.C.STAFF,24,2005,TV,70,AniList
The Greatest Demon Lord Is Reborn as a Typical Nobody,"Action, Ecchi, Fantasy, Romance",SILVER LINK.,12,2022,TV,62,AniList
My Stepmom's Daughter is My Ex,"Comedy, Romance",project No.9,12,2022,TV,66,AniList
Somali and the Forest Spirit,"Adventure, Drama, Fantasy, Slice of Life",Satelight,12,2020,TV,76,AniList
Sword Art Online the Movie -Progressive- Aria of a Starless Night,"Action, Adventure, Fantasy, Romance",A-1 Pictures,1,2021,MOVIE,78,AniList
A Couple of Cuckoos,"Comedy, Romance",Shin-Ei Animation,24,2022,TV,67,AniList
GOBLIN SLAYER -GOBLIN’S CROWN-,"Action, Adventure, Fantasy",WHITE FOX,1,2020,MOVIE,71,AniList
Inu X Boku Secret Service,"Comedy, Romance, Supernatural",Aniplex,12,2012,TV,70,AniList
Given The Movie,"Drama, Music, Romance",Lerche,1,2020,MOVIE,80,AniList
Run with the Wind,"Drama, Sports",Production I.G,23,2018,TV,83,AniList
The Wrong Way to Use Healing Magic,"Action, Fantasy",Shin-Ei Animation,13,2024,TV,75,AniList
TSUKIMICHI -Moonlit Fantasy- Season 2,"Action, Adventure, Comedy, Fantasy",J.C.STAFF,25,2024,TV,78,AniList
REBORN!,"Action, Comedy",Artland,203,2006,TV,76,AniList
Blood-C,"Action, Horror, Mystery, Supernatural",Production I.G,12,2011,TV,61,AniList
Welcome to Demon School! Iruma-kun Season 2,"Comedy, Fantasy, Supernatural",Bandai Namco Pictures,21,2021,TV,80,AniList
Kaiji - Ultimate Survivor,"Psychological, Thriller",MADHOUSE,26,2007,TV,82,AniList
My Hero Academia: World Heroes' Mission,"Action, Adventure, Sci-Fi",bones,1,2021,MOVIE,76,AniList
Sword Oratoria: Is it Wrong to Try to Pick Up Girls in a Dungeon? On the Side,"Action, Adventure, Comedy, Fantasy",J.C.STAFF,12,2017,TV,67,AniList
Vermeil in Gold,"Ecchi, Fantasy, Romance",Staple Entertainment,12,2022,TV,67,AniList
My Deer Friend Nokotan,"Comedy, Fantasy, Slice of Life",Twin Engine,12,2024,ONA,68,AniList
Words Bubble Up Like Soda Pop,"Romance, Slice of Life",Signal.MD,1,2021,MOVIE,74,AniList
The Day I Became a God,"Comedy, Drama, Romance, Sci-Fi, Slice of Life",P.A.WORKS,12,2020,TV,65,AniList
The Case Study of Vanitas Part 2,"Action, Drama, Fantasy, Mystery, Supernatural",bones,12,2022,TV,81,AniList
The Slime Diaries,"Adventure, Comedy, Fantasy, Slice of Life",8-bit,12,2021,TV,74,AniList
After the Rain,"Drama, Romance, Slice of Life",WIT STUDIO,12,2018,TV,73,AniList
Princess Connect! Re:Dive,"Adventure, Comedy, Fantasy",CygamesPictures,13,2020,TV,69,AniList
Oreimo 2,"Comedy, Romance, Slice of Life",Aniplex,13,2013,TV,65,AniList
"Hensuki: Are you willing to fall in love with a pervert, as long as she’s a cutie?","Comedy, Ecchi, Mystery, Romance",GEEKTOYS,12,2019,TV,62,AniList
Insomniacs After School,"Romance, Slice of Life",Pony Canyon,13,2023,TV,79,AniList
To Your Eternity Season 2,"Adventure, Drama, Fantasy, Psychological, Supernatural",Drive,20,2022,TV,79,AniList
The Disastrous Life of Saiki K.: Reawakened,"Comedy, Slice of Life, Supernatural",J.C.STAFF,6,2019,ONA,81,AniList
Noblesse,"Action, Supernatural",Production I.G,13,2020,TV,65,AniList
Code Geass: Lelouch of the Re;surrection,"Action, Drama, Mecha, Sci-Fi",Sunrise,1,2019,MOVIE,77,AniList
Real Girl,"Comedy, Drama, Romance, Slice of Life",Hoods Entertainment,12,2018,TV,65,AniList
Armed Girl's Machiavellism,"Action, Comedy, Ecchi, Romance",SILVER LINK.,12,2017,TV,66,AniList
Undefeated Bahamut Chronicle,"Action, Ecchi, Fantasy, Mecha, Romance, Supernatural",Lerche,12,2016,TV,62,AniList
Wagnaria!!,"Comedy, Slice of Life",Aniplex,13,2010,TV,74,AniList
Isekai Cheat Magician,"Action, Adventure, Fantasy",Encourage Films,12,2019,TV,52,AniList
"DON'T TOY WITH ME, MISS NAGATORO 2nd Attack","Comedy, Romance, Slice of Life",OLM,12,2023,TV,74,AniList
Space Dandy,"Comedy, Sci-Fi",bones,13,2014,TV,77,AniList
That Time I Got Reincarnated as a Slime the Movie: Scarlet Bond,"Action, Adventure, Comedy, Fantasy",8-bit,1,2022,MOVIE,77,AniList
Dragon Ball Z Kai,"Action, Adventure, Comedy",Toei Animation,97,2009,TV,76,AniList
Attack on Titan: Lost Girls,"Action, Drama, Fantasy, Mystery",WIT STUDIO,3,2017,OVA,76,AniList
HELLO WORLD,"Drama, Psychological, Romance, Sci-Fi",Graphinica,1,2019,MOVIE,73,AniList
I'm Standing on a Million Lives,"Action, Drama, Fantasy",Maho Film,12,2020,TV,63,AniList
Heaven's Lost Property,"Comedy, Ecchi, Romance, Sci-Fi, Slice of Life, Supernatural",AIC A.S.T.A.,13,2009,TV,67,AniList
Rage of Bahamut: Genesis,"Action, Adventure, Fantasy, Supernatural",MAPPA,12,2014,TV,74,AniList
Teasing Master Takagi-san Season 2,"Comedy, Romance, Slice of Life",Shin-Ei Animation,12,2019,TV,79,AniList
One-Punch Man: Road to Hero,"Action, Comedy, Sci-Fi, Supernatural",MADHOUSE,1,2015,OVA,75,AniList
My Mental Choices Are Completely Interfering With My School Romantic Comedy,"Comedy, Ecchi, Romance, Supernatural",diomedéa,10,2013,TV,67,AniList
Cells at Work!!,"Action, Comedy, Sci-Fi",David Production,8,2021,TV,72,AniList
Full Metal Panic!,"Action, Comedy, Mecha, Sci-Fi",GONZO,24,2002,TV,72,AniList
The Seven Deadly Sins the Movie: Prisoners of the Sky,"Action, Adventure, Fantasy",A-1 Pictures,1,2018,MOVIE,69,AniList
When They Cry Kai,"Horror, Mystery, Psychological, Supernatural, Thriller",NBCUniversal Entertainment Japan,24,2007,TV,80,AniList
Danganronpa 3: The End of Hope’s Peak High School - Future Arc,"Action, Horror, Mystery, Psychological, Sci-Fi, Thriller",Lerche,12,2016,TV,68,AniList
YuruYuri,"Comedy, Slice of Life",TV Tokyo,12,2011,TV,74,AniList
The Eden of Grisaia,"Action, Drama, Ecchi, Romance",8-bit,10,2015,TV,75,AniList
Kino's Journey,"Adventure, Drama, Fantasy, Psychological, Slice of Life",WOWOW,13,2003,TV,81,AniList
Free! -Eternal Summer-,"Comedy, Drama, Slice of Life, Sports",Kyoto Animation,13,2014,TV,74,AniList
Haibane Renmei,"Drama, Fantasy, Mystery, Psychological, Slice of Life",Radix,13,2002,TV,79,AniList
Saga of Tanya the Evil - the Movie -,"Action, Fantasy",NUT,1,2019,MOVIE,81,AniList
Love Tyrant,"Comedy, Ecchi, Romance, Supernatural",EMT Squared,12,2017,TV,63,AniList
Ragna Crimson,"Action, Adventure, Fantasy, Mystery",SILVER LINK.,24,2023,TV,74,AniList
Rainbow,"Drama, Psychological, Thriller",MADHOUSE,26,2010,TV,81,AniList
Romantic Killer,"Comedy, Romance",domerica,12,2022,ONA,79,AniList
Fire Force Season 3,"Action, Drama, Sci-Fi, Supernatural",David Production,12,2025,TV,78,AniList
Rurouni Kenshin,"Action, Adventure, Comedy, Drama, Romance",Studio Gallop,94,1996,TV,79,AniList
Suppose a Kid from the Last Dungeon Boonies moved to a starter town?,"Adventure, Comedy, Fantasy",LIDENFILMS,12,2021,TV,62,AniList
Durarara!! X2 The Second Arc,"Action, Mystery, Supernatural",Shuka,12,2015,TV,78,AniList
Campfire Cooking in Another World with my Absurd Skill,"Adventure, Comedy, Fantasy",MAPPA,12,2023,TV,76,AniList
Spice and Wolf: MERCHANT MEETS THE WISE WOLF,"Adventure, Fantasy, Romance, Slice of Life",Toho,25,2024,TV,79,AniList
Mononoke,"Fantasy, Horror, Mystery, Psychological, Supernatural",Toei Animation,12,2007,TV,81,AniList
K-ON!: The Movie,"Comedy, Music, Slice of Life",Kyoto Animation,1,2011,MOVIE,83,AniList
The Future Diary: Redial,"Action, Psychological, Supernatural",Asread,1,2013,OVA,68,AniList
Danganronpa 3: The End of Hope’s Peak High School - Despair Arc,"Action, Drama, Horror, Mystery, Psychological, Sci-Fi, Thriller",Lerche,11,2016,TV,71,AniList
The King's Avatar,"Action, Drama",G.CMay Animation & Film,12,2017,ONA,75,AniList
Black Clover: Sword of the Wizard King,"Action, Adventure, Comedy, Fantasy",Shueisha,1,2023,MOVIE,80,AniList
Dusk Maiden of Amnesia,"Horror, Mystery, Romance, Supernatural",Media Factory,12,2012,TV,75,AniList
Kaguya-sama wa Kokurasetai: Tensaitachi no Renai Zunousen OVA,"Comedy, Ecchi, Romance, Slice of Life",Shueisha,1,2021,OVA,75,AniList
D-Frag!,Comedy,Brain's Base,12,2014,TV,73,AniList
PLUTO,"Action, Drama, Mecha, Mystery, Psychological, Sci-Fi",Studio M2,8,2023,ONA,84,AniList
Dead Mount Death Play,"Action, Fantasy, Supernatural, Thriller",GEEKTOYS,12,2023,TV,72,AniList
Aesthetica of a Rogue Hero,"Action, Ecchi, Fantasy",Arms,12,2012,TV,61,AniList
Bungo Stray Dogs: DEAD APPLE,"Action, Comedy, Mystery, Supernatural",bones,1,2018,MOVIE,78,AniList
The Disastrous Life of Saiki K. Season 3,"Comedy, Slice of Life, Supernatural",J.C.STAFF,1,2018,SPECIAL,81,AniList
The Familiar of Zero: Knight of the Twin Moons,"Action, Adventure, Comedy, Ecchi, Fantasy, Romance",J.C.STAFF,12,2007,TV,70,AniList
Kamisama Kiss◎,"Comedy, Fantasy, Romance, Supernatural",TMS Entertainment,12,2015,TV,81,AniList
Chobits,"Comedy, Drama, Ecchi, Romance, Sci-Fi",MADHOUSE,26,2002,TV,71,AniList
The Testament of Sister New Devil BURST,"Action, Ecchi, Fantasy, Romance",Production IMS,10,2015,TV,64,AniList
Snow White with the Red Hair Season 2,"Drama, Fantasy, Romance",bones,12,2016,TV,78,AniList
Koyomimonogatari,"Comedy, Mystery, Supernatural",Shaft,12,2016,ONA,74,AniList
EDENS ZERO,"Action, Adventure, Comedy, Fantasy, Sci-Fi",J.C.STAFF,25,2021,TV,70,AniList
Corpse Party,"Horror, Mystery, Supernatural",Asread,4,2013,OVA,59,AniList
Eureka Seven,"Action, Adventure, Drama, Mecha, Romance, Sci-Fi",bones,50,2005,TV,77,AniList
Welcome to the Ballroom,"Drama, Romance, Sports",Production I.G,24,2017,TV,79,AniList
Tada Never Falls In Love,"Comedy, Romance, Slice of Life",Doga Kobo,13,2018,TV,73,AniList
NANBAKA,"Action, Comedy, Drama",Satelight,13,2016,TV,70,AniList
Amagami SS,"Comedy, Romance, Slice of Life",AIC,25,2010,TV,69,AniList
LAZARUS,"Action, Sci-Fi",Adult Swim,13,2025,TV,71,AniList
Tokyo Godfathers,"Adventure, Comedy, Drama",MADHOUSE,1,2003,MOVIE,81,AniList
Zoku Owarimonogatari,"Drama, Mystery, Supernatural",Shaft,6,2019,OVA,84,AniList
I Can't Understand What My Husband Is Saying,"Comedy, Romance, Slice of Life",Seven,13,2014,TV_SHORT,70,AniList
"So, I Can't Play H!","Comedy, Ecchi, Romance, Supernatural",NBCUniversal Entertainment Japan,12,2012,TV,60,AniList
Bubble,"Romance, Sci-Fi, Sports, Supernatural",WIT STUDIO,1,2022,ONA,71,AniList
Waiting in the Summer,"Comedy, Drama, Romance, Sci-Fi, Slice of Life",J.C.STAFF,12,2012,TV,71,AniList
When Marnie Was There,"Drama, Mystery, Psychological",Studio Ghibli,1,2014,MOVIE,78,AniList
Is It Wrong to Try to Pick Up Girls in a Dungeon? IV Part 2,"Action, Adventure, Comedy, Fantasy, Romance",J.C.STAFF,11,2023,TV,82,AniList
Chaika -The Coffin Princess-,"Action, Adventure, Comedy, Fantasy",bones,12,2014,TV,69,AniList
SPY x FAMILY CODE: White,"Action, Adventure, Comedy, Slice of Life, Supernatural",WIT STUDIO,1,2023,MOVIE,81,AniList
Chained Soldier,"Action, Adventure, Drama, Ecchi, Fantasy, Romance",Seven Arcs,12,2024,TV,67,AniList
Osamake: Romcom Where The Childhood Friend Won't Lose,"Comedy, Romance",Doga Kobo,12,2021,TV,58,AniList
Sweetness & Lightning,Slice of Life,TMS Entertainment,12,2016,TV,74,AniList
Jormungand,"Action, Adventure",NBCUniversal Entertainment Japan,12,2012,TV,75,AniList
Penguindrum,"Drama, Mystery, Psychological, Supernatural",Brain's Base,24,2011,TV,79,AniList
The Strongest Sage with the Weakest Crest,"Action, Adventure, Comedy, Fantasy, Romance, Slice of Life",J.C.STAFF,12,2022,TV,61,AniList
The Great Jahy Will Not Be Defeated!,"Comedy, Fantasy, Slice of Life, Supernatural",SILVER LINK.,20,2021,TV,68,AniList
LOOK BACK,"Drama, Slice of Life",Studio Durian,1,2024,MOVIE,87,AniList
Gintama Season 3,"Action, Comedy, Drama, Sci-Fi",Sunrise,13,2012,TV,89,AniList
BLEACH: Thousand-Year Blood War - The Conflict,"Action, Adventure, Supernatural",PIERROT FILMS,14,2024,TV,86,AniList
The Ice Guy and His Cool Female Colleague,"Comedy, Romance, Slice of Life, Supernatural",Zero-G,12,2023,TV,72,AniList
Just Because!,"Drama, Romance, Slice of Life",PINE JAM,12,2017,TV,70,AniList
Do You Love Your Mom and Her Two-Hit Multi-Target Attacks?,"Action, Adventure, Comedy, Ecchi, Fantasy",J.C.STAFF,12,2019,TV,52,AniList
Uzumaki,"Drama, Horror, Mystery, Psychological, Supernatural",Production I.G,4,2024,TV,55,AniList
Life Lessons with Uramichi Oniisan,"Comedy, Slice of Life",Studio Blanc,13,2021,TV,76,AniList
Shangri-La Frontier Season 2,"Action, Adventure, Comedy, Fantasy, Sci-Fi",C2C,25,2024,TV,82,AniList
Outbreak Company,"Comedy, Fantasy",feel.,12,2013,TV,69,AniList
Higurashi: When They Cry - GOU,"Drama, Horror, Mystery, Psychological, Supernatural, Thriller",Passione,24,2020,TV,69,AniList
Nyaruko: Crawling with Love!,"Comedy, Romance, Sci-Fi",TV Tokyo,12,2012,TV,66,AniList
Kuroko's Basketball: Last Game,"Comedy, Sports",Production I.G,1,2017,MOVIE,79,AniList
"Love, Chunibyo & Other Delusions: Take on Me","Comedy, Drama, Romance, Slice of Life",Kyoto Animation,1,2018,MOVIE,80,AniList
Showa Genroku Rakugo Shinju,Drama,Studio DEEN,13,2016,TV,84,AniList
Yuuna and the Haunted Hot Springs,"Comedy, Ecchi, Romance, Supernatural",Xebec,12,2018,TV,67,AniList
Yu-Gi-Oh!,"Adventure, Fantasy",Studio Gallop,224,2000,TV,72,AniList
Kubo Won't Let Me Be Invisible,"Comedy, Romance, Slice of Life",PINE JAM,12,2023,TV,75,AniList
We Never Learn!: BOKUBEN Season 2,"Comedy, Ecchi, Romance, Slice of Life",Studio Silver,13,2019,TV,72,AniList
Doukyuusei -Classmates-,"Drama, Music, Romance, Slice of Life",Half H.P Studio,1,2016,MOVIE,81,AniList
Ao-chan Can't Study!,"Comedy, Ecchi, Romance",SILVER LINK.,12,2019,TV_SHORT,65,AniList
Girls und Panzer,"Action, Sports",Actas,12,2012,TV,74,AniList
"Sayonara, Zetsubou-Sensei",Comedy,Shaft,12,2007,TV,76,AniList
Gintama Season 5,"Action, Comedy, Drama, Sci-Fi",Bandai Namco Pictures,12,2017,TV,88,AniList
Cowboy Bebop: The Movie - Knockin' on Heaven's Door,"Action, Drama, Mystery, Sci-Fi",bones,1,2001,MOVIE,82,AniList
Farming Life in Another World,"Fantasy, Slice of Life",Zero-G,12,2023,TV,74,AniList
"The Tunnel to Summer, the Exit of Goodbyes","Drama, Romance, Supernatural",CLAP,1,2022,MOVIE,78,AniList
Engage Kiss,"Action, Comedy, Romance, Supernatural",Aniplex,13,2022,TV,66,AniList
The Reincarnation of the Strongest Exorcist in Another World,"Action, Adventure, Fantasy, Romance, Supernatural",Asmik Ace,13,2023,TV,70,AniList
Moriarty the Patriot Part 2,"Drama, Mystery, Psychological, Thriller",Production I.G,13,2021,TV,81,AniList
Shelter,Sci-Fi,A-1 Pictures,1,2016,MUSIC,80,AniList
Orb: On the Movements of the Earth,Drama,MADHOUSE,25,2024,TV,86,AniList
TONIKAWA: Over The Moon For You Season 2,"Comedy, Romance, Slice of Life",Warner Bros. Japan,12,2023,TV,76,AniList
Fate/Grand Order Absolute Demonic Front: Babylonia,"Action, Adventure, Fantasy, Supernatural",CloverWorks,21,2019,TV,78,AniList
Afro Samurai,"Action, Adventure",GONZO,5,2007,TV,70,AniList
Devils' Line,"Action, Drama, Horror, Romance, Supernatural",Platinum Vision,12,2018,TV,65,AniList
Witch Craft Works,"Action, Fantasy, Supernatural",J.C.STAFF,12,2014,TV,67,AniList
Durarara!! X2 The Third Arc,"Action, Mystery, Supernatural",Shuka,12,2016,TV,79,AniList
Aoashi,Sports,Production I.G,24,2022,TV,81,AniList
That Time I Got Reincarnated as a Slime OAD,"Action, Adventure, Comedy, Ecchi, Fantasy",8-bit,5,2019,OVA,73,AniList
High School Prodigies Have It Easy Even In Another World,"Action, Adventure, Drama, Ecchi, Fantasy",project No.9,12,2019,TV,61,AniList
Legend of the Galactic Heroes,"Drama, Sci-Fi",Kitty Film,110,1988,OVA,88,AniList
Hanasaku Iroha ~Blossoms for Tomorrow~,"Comedy, Drama, Slice of Life",Bandai Visual,26,2011,TV,77,AniList
Infinite Stratos 2,"Action, Comedy, Ecchi, Mecha, Romance, Sci-Fi",Lantis,12,2013,TV,60,AniList
Sabikui Bisco,"Action, Adventure, Fantasy",OZ,12,2022,TV,70,AniList
The Dangers in My Heart Season 2,"Comedy, Romance, Slice of Life",Shin-Ei Animation,13,2024,TV,87,AniList
Steins;Gate 0: 23β -Divide by Zero-,"Drama, Psychological, Sci-Fi, Thriller",WHITE FOX,1,2015,OVA,81,AniList
"BOFURI: I Don't Want to Get Hurt, so I'll Max Out My Defense. Season 2","Action, Adventure, Comedy, Fantasy, Slice of Life",KADOKAWA,12,2023,TV,71,AniList
This Art Club Has a Problem!,"Comedy, Romance",feel.,12,2016,TV,70,AniList
Hundred,"Action, Ecchi, Mecha, Sci-Fi",Production IMS,12,2016,TV,59,AniList
Black Butler: Book of Circus,"Comedy, Fantasy, Mystery, Supernatural",A-1 Pictures,10,2014,TV,78,AniList
Stars Align,"Drama, Slice of Life, Sports",8-bit,12,2019,TV,75,AniList
The Kawai Complex Guide to Manors and Hostel Behavior,"Comedy, Romance, Slice of Life",Brain's Base,12,2014,TV,74,AniList
The Yakuza's Guide to Babysitting,"Comedy, Slice of Life",feel.,12,2022,TV,77,AniList
Magical Sempai,"Comedy, Ecchi, Slice of Life",LIDENFILMS,12,2019,TV_SHORT,61,AniList
SHAMAN KING (2021),"Action, Adventure, Comedy, Supernatural",Bridge,52,2021,TV,64,AniList
Full Dive: This Ultimate Next-Gen Full Dive RPG Is Even Shittier than Real Life!,"Action, Comedy, Ecchi, Fantasy, Romance",ENGI,12,2021,TV,62,AniList
Black Summoner,"Action, Adventure, Fantasy",Satelight,12,2022,TV,69,AniList
The Magical Revolution of the Reincarnated Princess and the Genius Young Lady,"Fantasy, Romance",diomedéa,12,2023,TV,75,AniList
The Duke of Death and His Maid,"Comedy, Drama, Romance, Supernatural",J.C.STAFF,12,2021,TV,74,AniList
Dr. STONE SCIENCE FUTURE,"Action, Adventure, Comedy, Sci-Fi",Toho,12,2025,TV,82,AniList
The World God Only Knows II,"Comedy, Romance, Supernatural",TV Tokyo,12,2011,TV,76,AniList
Ghost in the Shell: Stand Alone Complex,"Action, Mystery, Psychological, Sci-Fi",Production I.G,26,2002,TV,82,AniList
Love After World Domination,"Action, Comedy, Romance, Supernatural",project No.9,12,2022,TV,73,AniList
Lord Marksman and Vanadis,"Adventure, Ecchi, Fantasy, Romance",Satelight,13,2014,TV,67,AniList
Patema Inverted,"Adventure, Romance, Sci-Fi",Asmik Ace,1,2013,MOVIE,77,AniList
LAID-BACK CAMP SEASON2,"Comedy, Slice of Life",C-Station,13,2021,TV,84,AniList
Sword Art Online EXTRA EDITION,"Action, Adventure, Fantasy, Romance",A-1 Pictures,1,2013,SPECIAL,61,AniList
Noragami OVA,"Action, Adventure, Comedy, Supernatural",bones,2,2014,OVA,74,AniList
PERSONA5 the Animation,"Action, Fantasy, Supernatural",Aniplex,26,2018,TV,62,AniList
TRIGUN STAMPEDE,"Action, Drama, Sci-Fi",Orange,12,2023,TV,78,AniList
One-Punch Man OVA,"Action, Comedy, Sci-Fi, Supernatural",MADHOUSE,6,2015,OVA,75,AniList
Texhnolyze,"Action, Drama, Psychological, Sci-Fi",MADHOUSE,22,2003,TV,76,AniList
Handa-kun,"Comedy, Slice of Life",diomedéa,12,2016,TV,70,AniList
Beck: Mongolian Chop Squad,"Comedy, Drama, Music, Slice of Life",MADHOUSE,26,2004,TV,80,AniList
How a Realist Hero Rebuilt the Kingdom Part 2,"Action, Adventure, Fantasy, Romance",J.C.STAFF,13,2022,TV,73,AniList
One Punch Man 3,"Action, Comedy, Sci-Fi, Supernatural",Shueisha,,2025,TV,,AniList
To Love Ru Darkness,"Comedy, Ecchi, Romance, Sci-Fi",Xebec,12,2012,TV,71,AniList
Kiss x Sis,"Comedy, Ecchi, Romance",feel.,12,2008,OVA,62,AniList
DAN DA DAN Season 2,"Action, Comedy, Drama, Romance, Sci-Fi, Supernatural",Science SARU,,2025,TV,,AniList
Berserk of Gluttony,"Action, Adventure, Drama, Fantasy, Romance",Genco,12,2023,TV,67,AniList
Mysterious Girlfriend X,"Ecchi, Mystery, Romance",Starchild Records,13,2012,TV,69,AniList
Blade Dance of the Elementalers,"Action, Comedy, Ecchi, Fantasy, Romance, Supernatural",TNK,12,2014,TV,62,AniList
The Troubled Life of Miss Kotoura,"Comedy, Drama, Romance",AIC,12,2013,TV,68,AniList
Sound! Euphonium 2,"Drama, Music, Slice of Life",Kyoto Animation,13,2016,TV,83,AniList
HAIKYU!! The Dumpster Battle,"Comedy, Drama, Sports",Toho,1,2024,MOVIE,86,AniList
"Love, Chunibyo & Other Delusions: Glimmering...Explosive Festival (Slapstick Noel)","Comedy, Romance, Slice of Life",Kyoto Animation,1,2013,OVA,73,AniList
"The Familiar of Zero: ""Rondo"" of Princesses","Action, Adventure, Comedy, Ecchi, Fantasy, Romance",J.C.STAFF,12,2008,TV,69,AniList
The Familiar of Zero F,"Action, Adventure, Comedy, Ecchi, Fantasy, Romance",J.C.STAFF,12,2012,TV,70,AniList
Arakawa Under the Bridge,"Comedy, Romance",Shaft,13,2010,TV,74,AniList
Record of Grancrest War,"Action, Fantasy, Romance",A-1 Pictures,24,2018,TV,68,AniList
One Week Friends,"Comedy, Drama, Romance, Slice of Life",Brain's Base,12,2014,TV,73,AniList
Adachi and Shimamura,"Romance, Slice of Life",Tezuka Productions,12,2020,TV,70,AniList
Miss Kobayashi's Dragon Maid: Valentines and Hot Springs! (Please Don't Get Your Hopes Up),"Comedy, Fantasy, Romance, Slice of Life",Kyoto Animation,1,2017,OVA,76,AniList
Date A Live IV,"Action, Comedy, Ecchi, Mecha, Romance, Sci-Fi",GEEKTOYS,12,2022,TV,76,AniList
NEW GAME!!,"Comedy, Slice of Life",Doga Kobo,12,2017,TV,76,AniList
Sword of the Stranger,"Action, Adventure",bones,1,2007,MOVIE,79,AniList
The Cat Returns,"Adventure, Comedy, Drama, Fantasy",Studio Ghibli,1,2002,MOVIE,75,AniList
Case Closed,"Adventure, Comedy, Mystery, Psychological",TMS Entertainment,,1996,TV,81,AniList
No Longer Allowed in Another World,"Comedy, Fantasy, Romance, Slice of Life, Supernatural",KADOKAWA,12,2024,TV,71,AniList
Hitoribocchi no Marumaruseikatsu,"Comedy, Slice of Life",C2C,12,2019,TV,73,AniList
World's End Harem,"Ecchi, Sci-Fi",AXsiZ,11,2022,TV,55,AniList
Revolutionary Girl Utena,"Drama, Fantasy, Mystery, Psychological, Romance",J.C.STAFF,39,1997,TV,82,AniList
My Teen Romantic Comedy SNAFU OVA,"Comedy, Romance, Slice of Life",Brain's Base,1,2013,OVA,74,AniList
The Stranger by the Shore,"Drama, Romance, Slice of Life",Studio Hibari,1,2020,MOVIE,77,AniList
Flying Witch,"Slice of Life, Supernatural",J.C.STAFF,12,2016,TV,74,AniList
Hell Girl,"Drama, Horror, Mystery, Psychological, Supernatural",Aniplex,26,2005,TV,71,AniList
Anohana the Movie: The Flower We Saw That Day,"Drama, Romance, Slice of Life, Supernatural",Aniplex,1,2013,MOVIE,75,AniList
The Elusive Samurai,"Action, Adventure, Supernatural",CloverWorks,12,2024,TV,77,AniList
Campione!,"Comedy, Ecchi, Romance",diomedéa,13,2012,TV,64,AniList
Brynhildr in the Darkness,"Drama, Fantasy, Mystery, Sci-Fi",Arms,13,2014,TV,63,AniList
My Next Life as a Villainess: All Routes Lead to Doom! X,"Comedy, Fantasy, Romance, Slice of Life",SILVER LINK.,12,2021,TV,71,AniList
Aria the Scarlet Ammo,"Action, Comedy, Ecchi, Romance",J.C.STAFF,12,2011,TV,63,AniList
The Heroic Legend of Arslan,"Action, Adventure, Drama, Fantasy",LIDENFILMS,25,2015,TV,73,AniList
Place to Place,"Comedy, Romance, Slice of Life",AIC,12,2012,TV,72,AniList
JUNI TAISEN：ZODIAC WAR,"Action, Thriller",Graphinica,12,2017,TV,62,AniList
Sekirei,"Action, Comedy, Ecchi",Aniplex,12,2008,TV,65,AniList
Parallel World Pharmacy,Fantasy,KADOKAWA,12,2022,TV,72,AniList
Alderamin on the Sky,"Action, Adventure, Drama, Fantasy",MADHOUSE,13,2016,TV,73,AniList
Fireworks,"Drama, Romance, Supernatural",Shaft,1,2017,MOVIE,59,AniList
KamiKatsu: Working for God in a Godless World,"Action, Comedy, Drama, Ecchi, Fantasy",Studio Palette,12,2023,TV,65,AniList
I Was Reincarnated as the 7th Prince So I Can Take My Time Perfecting My Magical Ability,"Action, Adventure, Fantasy",Tsumugi Akita Anime Lab,12,2024,TV,74,AniList
The Girl I Like Forgot Her Glasses,"Comedy, Romance",GoHands,13,2023,TV,68,AniList
The 8th Son? Are You Kidding Me?,"Adventure, Fantasy",SynergySP,12,2020,TV,61,AniList
Pandora Hearts,"Adventure, Fantasy, Supernatural",Xebec,25,2009,TV,72,AniList
Sleepy Princess in the Demon Castle,"Comedy, Fantasy, Slice of Life",Doga Kobo,12,2020,TV,78,AniList
Kaze no Stigma,"Action, Drama, Fantasy, Romance",GONZO,24,2007,TV,67,AniList
Mushoku Tensei: Jobless Reincarnation Cour 2 - Eris the Goblin Slayer,"Adventure, Drama, Fantasy",Studio Bind,1,2022,SPECIAL,78,AniList
The Ancient Magus' Bride: Those Awaiting a Star,"Drama, Fantasy",WIT STUDIO,3,2016,OVA,79,AniList
A Certain Magical Index III,"Action, Sci-Fi, Supernatural",J.C.STAFF,26,2018,TV,66,AniList
Restaurant to Another World,"Fantasy, Slice of Life",SILVER LINK.,12,2017,TV,72,AniList
MAGICAL GIRL SITE,"Action, Drama, Horror, Mahou Shoujo, Psychological, Supernatural",production doA,12,2018,TV,60,AniList
Boogiepop and Others,"Horror, Mystery, Psychological",MADHOUSE,18,2019,TV,68,AniList
Chillin' in Another World with Level 2 Super Cheat Powers,"Adventure, Fantasy, Romance",OVERLAP,12,2024,TV,68,AniList
Tales of Zestiria the X,"Action, Adventure, Fantasy",ufotable,13,2016,TV,69,AniList
"Demon Lord, Retry!","Action, Adventure, Comedy, Fantasy",EKACHI EPILKA,12,2019,TV,62,AniList
My Isekai Life: I Gained a Second Character Class and Became the Strongest Sage in the World!,"Action, Adventure, Comedy, Fantasy",REVOROOT,12,2022,TV,61,AniList
Sasaki and Miyano,"Comedy, Romance, Slice of Life",Studio DEEN,12,2022,TV,81,AniList
Harem in the Labyrinth of Another World,"Drama, Ecchi, Fantasy, Romance",Passione,12,2022,TV,63,AniList
Berserk (2016),"Action, Adventure, Drama, Fantasy, Horror, Supernatural",Millepensee,12,2016,TV,55,AniList
PSYCHO-PASS 3,"Action, Psychological, Sci-Fi, Thriller",Production I.G,8,2019,TV,73,AniList
My Girlfriend is Shobitch,"Comedy, Ecchi, Romance",diomedéa,10,2017,TV,58,AniList
Ghost Stories,"Horror, Mystery, Supernatural",Studio Pierrot,19,2000,TV,74,AniList
Failure Frame: I Became the Strongest and Annihilated Everything with Low-Level Spells,"Action, Adventure, Drama, Fantasy",Seven Arcs,12,2024,TV,64,AniList
Masamune-kun's Revenge R,"Comedy, Romance, Slice of Life",FuRyu,12,2023,TV,72,AniList
Gargantia on the Verdurous Planet,"Action, Adventure, Mecha, Sci-Fi",Production I.G,13,2013,TV,72,AniList
Tokyo Magnitude 8.0,Drama,bones,11,2009,TV,77,AniList
The Kingdoms of Ruin,"Action, Drama, Fantasy",Yokohama Animation Lab,12,2023,TV,61,AniList
Urusei Yatsura (2022),"Comedy, Romance, Sci-Fi, Supernatural",David Production,23,2022,TV,72,AniList
Children of the Whales,"Adventure, Drama, Fantasy, Mystery, Romance, Sci-Fi",J.C.STAFF,12,2017,TV,69,AniList
Anti-Magic Academy: The 35th Test Platoon,"Action, Ecchi, Fantasy, Romance",SILVER LINK.,12,2015,TV,64,AniList
Hi Score Girl,"Comedy, Drama, Romance",J.C.STAFF,12,2018,TV,75,AniList
Dragon Ball Z: Battle of Gods,"Action, Adventure, Comedy, Sci-Fi",Toei Animation,1,2013,MOVIE,71,AniList
Tokyo Revengers Season 2 Part 2,"Action, Drama, Romance, Supernatural",Pony Canyon,13,2023,TV,77,AniList
Porco Rosso,"Action, Adventure, Comedy, Drama, Romance",Studio Ghibli,1,1992,MOVIE,78,AniList
"I Couldn’t Become a Hero, So I Reluctantly Decided to Get a Job.","Comedy, Ecchi, Fantasy, Romance",Asread,12,2013,TV,64,AniList
Yamada's First Time: B Gata H Kei,"Comedy, Ecchi, Romance",Hal Film Maker,12,2010,TV,64,AniList
ZOMBIE LAND SAGA REVENGE,"Comedy, Music, Supernatural",MAPPA,12,2021,TV,79,AniList
My Teen Romantic Comedy SNAFU TOO! OVA,"Comedy, Romance, Slice of Life",feel.,1,2016,OVA,78,AniList
Diabolik Lovers,"Drama, Horror, Romance, Supernatural",Frontier Works,12,2013,TV_SHORT,45,AniList
Silver Spoon,"Comedy, Slice of Life",Aniplex,11,2013,TV,79,AniList
Fate/kaleid liner Prisma☆Illya,"Action, Comedy, Ecchi, Fantasy, Mahou Shoujo",SILVER LINK.,10,2013,ONA,67,AniList
Ninja Kamui,"Action, Adventure, Drama, Sci-Fi",E&H Production,13,2024,TV,65,AniList
The Saint's Magic Power is Omnipotent,"Fantasy, Romance, Slice of Life",diomedéa,12,2021,TV,71,AniList
Princess Principal,"Action, Adventure, Sci-Fi",Studio 3Hz,12,2017,TV,75,AniList
Sakura Trick,"Comedy, Romance, Slice of Life",Studio DEEN,12,2014,TV,66,AniList
Sirius the Jaeger,"Action, Supernatural",P.A.WORKS,12,2018,TV,68,AniList
Wotaku ni Koi wa Muzukashii OVA,"Comedy, Romance, Slice of Life",A-1 Pictures,3,2019,OVA,79,AniList
Road to Ninja: Naruto the Movie,"Action, Adventure",Studio Pierrot,1,2012,MOVIE,74,AniList
I've Always Liked You,"Drama, Romance, Slice of Life",Qualia Animation,1,2016,MOVIE,70,AniList
Is the Order a Rabbit?,Slice of Life,WHITE FOX,12,2014,TV,73,AniList
Little Busters!,"Comedy, Drama, Slice of Life, Supernatural",J.C.STAFF,26,2012,TV,72,AniList
Ground Control to Psychoelectric Girl,"Comedy, Slice of Life",Shaft,12,2011,TV,68,AniList
Attack on Titan: Junior High,"Comedy, Fantasy, Slice of Life",Production I.G,12,2015,TV,69,AniList
My Wife is the Student Council President,"Comedy, Ecchi, Romance",Seven,12,2015,TV_SHORT,61,AniList
Demon Slayer: Kimetsu no Yaiba Infinity Castle,"Action, Adventure, Drama, Supernatural",Aniplex,3,2025,MOVIE,,AniList
By the Grace of the Gods,"Adventure, Fantasy, Slice of Life",Maho Film,12,2020,TV,68,AniList
A Certain Scientific Railgun T,"Action, Sci-Fi",J.C.STAFF,25,2020,TV,81,AniList
A Certain Scientific Accelerator,"Action, Sci-Fi",J.C.STAFF,12,2019,TV,70,AniList
Digimon: Digital Monsters,"Action, Adventure, Comedy, Drama, Fantasy, Sci-Fi",Toei Animation,54,1999,TV,75,AniList
Ben-To,"Action, Comedy, Ecchi",AT-X,12,2011,TV,68,AniList
Liz and the Blue Bird,"Drama, Music, Slice of Life",Kyoto Animation,1,2018,MOVIE,83,AniList
Motto To Love Ru,"Comedy, Ecchi, Romance, Sci-Fi",Xebec,12,2010,TV,69,AniList
One Piece Film: Red,"Action, Adventure, Comedy, Drama, Fantasy, Music",Toei Animation,1,2022,MOVIE,78,AniList
Fate/Grand Order: First Order,"Action, Fantasy",Lay-duce,1,2016,SPECIAL,65,AniList
The Tale of The Princess Kaguya,"Drama, Fantasy, Romance",Studio Ghibli,1,2013,MOVIE,81,AniList
Pop Team Epic,Comedy,Kamikaze Douga,12,2018,TV,69,AniList
Akebi’s Sailor Uniform,Slice of Life,CloverWorks,12,2022,TV,75,AniList
OniAi,"Comedy, Ecchi, Romance",Funimation,12,2012,TV,60,AniList
Log Horizon: Destruction of the Round Table,"Action, Adventure, Comedy, Fantasy",Studio DEEN,12,2021,TV,69,AniList
Is It Wrong to Try to Pick Up Girls in a Dungeon?: Arrow of the Orion,"Action, Adventure, Comedy, Fantasy, Romance",J.C.STAFF,1,2019,MOVIE,73,AniList
Go! Go! Loser Ranger!,"Action, Comedy, Drama, Sci-Fi",Shouchiku,12,2024,TV,72,AniList
Mobile Suit Gundam: The Witch from Mercury,"Action, Mecha, Sci-Fi",Sunrise,12,2022,TV,78,AniList
Rosario + Vampire Capu2,"Comedy, Ecchi, Fantasy, Romance",GONZO,13,2008,TV,64,AniList
Grimoire of Zero,"Action, Drama, Fantasy",WHITE FOX,12,2017,TV,68,AniList
Pseudo Harem,"Comedy, Romance, Slice of Life",Nomad,12,2024,TV,76,AniList
Slam Dunk,"Comedy, Drama, Slice of Life, Sports",Toei Animation,101,1993,TV,83,AniList
The World God Only Knows: Goddesses,"Comedy, Romance, Supernatural",Manglobe,12,2013,TV,78,AniList
Beyond the Boundary -I'LL BE HERE-: Future,"Action, Drama, Fantasy, Romance, Slice of Life, Supernatural",Kyoto Animation,1,2015,MOVIE,79,AniList
